date,location,cases,rainfall_mm,temperature_c,humidity_pct,ndvi,surface_water_index,population,data_status,source_note,target_next_week_elevated
2018-01-07,Pune (synthetic demonstration only),12,44.0,24.6,60.7,0.323,0.257,7000000,SYNTHETIC_NOT_OBSERVED,"Generated example values; not real Pune weather, satellite, population, or dengue surveillance observations.",0
2018-01-14,Pune (synthetic demonstration only),20,30.2,25.9,64.7,0.486,0.161,7000000,SYNTHETIC_NOT_OBSERVED,"Generated example values; not real Pune weather, satellite, population, or dengue surveillance observations.",0
2018-01-21,Pune (synthetic demonstration only),22,39.1,25.4,54.4,0.422,0.191,7000000,SYNTHETIC_NOT_OBSERVED,"Generated example values; not real Pune weather, satellite, population, or dengue surveillance observations.",0
2018-01-28,Pune (synthetic demonstration only),33,46.0,25.7,56.4,0.384,0.262,7000000,SYNTHETIC_NOT_OBSERVED,"Generated example values; not real Pune weather, satellite, population, or dengue surveillance observations.",0
2018-02-04,Pune (synthetic demonstration only),21,0.0,24.4,56.1,0.398,0.308,7000000,SYNTHETIC_NOT_OBSERVED,"Generated example values; not real Pune weather, satellite, population, or dengue surveillance observations.",0
2018-02-11,Pune (synthetic demonstration only),15,11.2,23.4,57.0,0.378,0.069,7000000,SYNTHETIC_NOT_OBSERVED,"Generated example values; not real Pune weather, satellite, population, or dengue surveillance observations.",0
2018-02-18,Pune (synthetic demonstration only),24,29.7,25.5,72.6,0.395,0.189,7000000,SYNTHETIC_NOT_OBSERVED,"Generated example values; not real Pune weather, satellite, population, or dengue surveillance observations.",0
2018-02-25,Pune (synthetic demonstration only),23,4.6,27.0,64.2,0.471,0.262,7000000,SYNTHETIC_NOT_OBSERVED,"Generated example values; not real Pune weather, satellite, population, or dengue surveillance observations.",0
2018-03-04,Pune (synthetic demonstration only),30,14.8,25.6,66.1,0.431,0.27,7000000,SYNTHETIC_NOT_OBSERVED,"Generated example values; not real Pune weather, satellite, population, or dengue surveillance observations.",0
2018-03-11,Pune (synthetic demonstration only),26,0.0,24.8,52.7,0.471,0.208,7000000,SYNTHETIC_NOT_OBSERVED,"Generated example values; not real Pune weather, satellite, population, or dengue surveillance observations.",0
2018-03-18,Pune (synthetic demonstration only),22,2.3,24.6,76.9,0.387,0.172,7000000,SYNTHETIC_NOT_OBSERVED,"Generated example values; not real Pune weather, satellite, population, or dengue surveillance observations.",0
2018-03-25,Pune (synthetic demonstration only),20,43.1,25.4,55.9,0.463,0.042,7000000,SYNTHETIC_NOT_OBSERVED,"Generated example values; not real Pune weather, satellite, population, or dengue surveillance observations.",0
2018-04-01,Pune (synthetic demonstration only),22,35.0,27.2,58.6,0.363,0.164,7000000,SYNTHETIC_NOT_OBSERVED,"Generated example values; not real Pune weather, satellite, population, or dengue surveillance observations.",0
2018-04-08,Pune (synthetic demonstration only),27,0.0,27.0,70.1,0.434,0.089,7000000,SYNTHETIC_NOT_OBSERVED,"Generated example values; not real Pune weather, satellite, population, or dengue surveillance observations.",0
2018-04-15,Pune (synthetic demonstration only),27,32.9,27.9,61.8,0.438,0.131,7000000,SYNTHETIC_NOT_OBSERVED,"Generated example values; not real Pune weather, satellite, population, or dengue surveillance observations.",0
2018-04-22,Pune (synthetic demonstration only),18,26.9,27.3,56.2,0.465,0.17,7000000,SYNTHETIC_NOT_OBSERVED,"Generated example values; not real Pune weather, satellite, population, or dengue surveillance observations.",0
2018-04-29,Pune (synthetic demonstration only),21,50.8,28.6,68.6,0.462,0.102,7000000,SYNTHETIC_NOT_OBSERVED,"Generated example values; not real Pune weather, satellite, population, or dengue surveillance observations.",0
2018-05-06,Pune (synthetic demonstration only),37,45.0,25.4,73.6,0.381,0.123,7000000,SYNTHETIC_NOT_OBSERVED,"Generated example values; not real Pune weather, satellite, population, or dengue surveillance observations.",0
2018-05-13,Pune (synthetic demonstration only),12,0.0,28.6,64.3,0.42,0.296,7000000,SYNTHETIC_NOT_OBSERVED,"Generated example values; not real Pune weather, satellite, population, or dengue surveillance observations.",0
2018-05-20,Pune (synthetic demonstration only),21,36.2,27.1,75.8,0.484,0.229,7000000,SYNTHETIC_NOT_OBSERVED,"Generated example values; not real Pune weather, satellite, population, or dengue surveillance observations.",0
2018-05-27,Pune (synthetic demonstration only),20,4.1,30.2,60.7,0.524,0.298,7000000,SYNTHETIC_NOT_OBSERVED,"Generated example values; not real Pune weather, satellite, population, or dengue surveillance observations.",0
2018-06-03,Pune (synthetic demonstration only),26,64.1,30.3,71.3,0.406,0.371,7000000,SYNTHETIC_NOT_OBSERVED,"Generated example values; not real Pune weather, satellite, population, or dengue surveillance observations.",0
2018-06-10,Pune (synthetic demonstration only),39,62.4,29.0,69.1,0.449,0.352,7000000,SYNTHETIC_NOT_OBSERVED,"Generated example values; not real Pune weather, satellite, population, or dengue surveillance observations.",0
2018-06-17,Pune (synthetic demonstration only),29,75.6,30.0,63.2,0.528,0.304,7000000,SYNTHETIC_NOT_OBSERVED,"Generated example values; not real Pune weather, satellite, population, or dengue surveillance observations.",0
2018-06-24,Pune (synthetic demonstration only),33,59.7,30.2,78.5,0.501,0.608,7000000,SYNTHETIC_NOT_OBSERVED,"Generated example values; not real Pune weather, satellite, population, or dengue surveillance observations.",0
2018-07-01,Pune (synthetic demonstration only),32,52.5,30.3,82.0,0.54,0.504,7000000,SYNTHETIC_NOT_OBSERVED,"Generated example values; not real Pune weather, satellite, population, or dengue surveillance observations.",1
2018-07-08,Pune (synthetic demonstration only),49,103.1,31.5,79.7,0.534,0.365,7000000,SYNTHETIC_NOT_OBSERVED,"Generated example values; not real Pune weather, satellite, population, or dengue surveillance observations.",1
2018-07-15,Pune (synthetic demonstration only),44,74.6,31.0,73.7,0.543,0.692,7000000,SYNTHETIC_NOT_OBSERVED,"Generated example values; not real Pune weather, satellite, population, or dengue surveillance observations.",0
2018-07-22,Pune (synthetic demonstration only),33,70.3,30.1,87.2,0.596,0.482,7000000,SYNTHETIC_NOT_OBSERVED,"Generated example values; not real Pune weather, satellite, population, or dengue surveillance observations.",0
2018-07-29,Pune (synthetic demonstration only),39,83.0,30.8,81.7,0.601,0.471,7000000,SYNTHETIC_NOT_OBSERVED,"Generated example values; not real Pune weather, satellite, population, or dengue surveillance observations.",0
2018-08-05,Pune (synthetic demonstration only),38,81.0,30.4,72.6,0.609,0.582,7000000,SYNTHETIC_NOT_OBSERVED,"Generated example values; not real Pune weather, satellite, population, or dengue surveillance observations.",0
2018-08-12,Pune (synthetic demonstration only),35,74.3,31.5,64.4,0.617,0.546,7000000,SYNTHETIC_NOT_OBSERVED,"Generated example values; not real Pune weather, satellite, population, or dengue surveillance observations.",1
2018-08-19,Pune (synthetic demonstration only),44,86.4,31.6,93.6,0.59,0.699,7000000,SYNTHETIC_NOT_OBSERVED,"Generated example values; not real Pune weather, satellite, population, or dengue surveillance observations.",1
2018-08-26,Pune (synthetic demonstration only),55,78.0,30.7,80.7,0.596,0.697,7000000,SYNTHETIC_NOT_OBSERVED,"Generated example values; not real Pune weather, satellite, population, or dengue surveillance observations.",1
2018-09-02,Pune (synthetic demonstration only),46,69.5,29.8,80.5,0.611,0.764,7000000,SYNTHETIC_NOT_OBSERVED,"Generated example values; not real Pune weather, satellite, population, or dengue surveillance observations.",1
2018-09-09,Pune (synthetic demonstration only),56,81.9,28.6,95.4,0.557,0.731,7000000,SYNTHETIC_NOT_OBSERVED,"Generated example values; not real Pune weather, satellite, population, or dengue surveillance observations.",0
2018-09-16,Pune (synthetic demonstration only),38,71.4,29.0,77.6,0.494,0.479,7000000,SYNTHETIC_NOT_OBSERVED,"Generated example values; not real Pune weather, satellite, population, or dengue surveillance observations.",1
2018-09-23,Pune (synthetic demonstration only),52,64.7,29.2,76.7,0.539,0.635,7000000,SYNTHETIC_NOT_OBSERVED,"Generated example values; not real Pune weather, satellite, population, or dengue surveillance observations.",0
2018-09-30,Pune (synthetic demonstration only),38,87.8,28.1,85.4,0.57,0.572,7000000,SYNTHETIC_NOT_OBSERVED,"Generated example values; not real Pune weather, satellite, population, or dengue surveillance observations.",0
2018-10-07,Pune (synthetic demonstration only),40,64.9,27.1,77.8,0.545,0.494,7000000,SYNTHETIC_NOT_OBSERVED,"Generated example values; not real Pune weather, satellite, population, or dengue surveillance observations.",1
2018-10-14,Pune (synthetic demonstration only),41,50.8,26.6,74.1,0.491,0.531,7000000,SYNTHETIC_NOT_OBSERVED,"Generated example values; not real Pune weather, satellite, population, or dengue surveillance observations.",1
2018-10-21,Pune (synthetic demonstration only),42,35.4,29.2,74.3,0.437,0.329,7000000,SYNTHETIC_NOT_OBSERVED,"Generated example values; not real Pune weather, satellite, population, or dengue surveillance observations.",0
2018-10-28,Pune (synthetic demonstration only),28,46.9,27.0,71.1,0.497,0.325,7000000,SYNTHETIC_NOT_OBSERVED,"Generated example values; not real Pune weather, satellite, population, or dengue surveillance observations.",0
2018-11-04,Pune (synthetic demonstration only),32,17.0,27.4,53.5,0.451,0.399,7000000,SYNTHETIC_NOT_OBSERVED,"Generated example values; not real Pune weather, satellite, population, or dengue surveillance observations.",0
2018-11-11,Pune (synthetic demonstration only),22,20.3,27.2,68.6,0.416,0.359,7000000,SYNTHETIC_NOT_OBSERVED,"Generated example values; not real Pune weather, satellite, population, or dengue surveillance observations.",0
2018-11-18,Pune (synthetic demonstration only),24,22.2,28.2,50.8,0.521,0.244,7000000,SYNTHETIC_NOT_OBSERVED,"Generated example values; not real Pune weather, satellite, population, or dengue surveillance observations.",0
2018-11-25,Pune (synthetic demonstration only),15,21.3,23.6,61.7,0.429,0.058,7000000,SYNTHETIC_NOT_OBSERVED,"Generated example values; not real Pune weather, satellite, population, or dengue surveillance observations.",0
2018-12-02,Pune (synthetic demonstration only),25,44.0,26.3,58.0,0.48,0.036,7000000,SYNTHETIC_NOT_OBSERVED,"Generated example values; not real Pune weather, satellite, population, or dengue surveillance observations.",0
2018-12-09,Pune (synthetic demonstration only),26,37.5,25.9,64.6,0.443,0.125,7000000,SYNTHETIC_NOT_OBSERVED,"Generated example values; not real Pune weather, satellite, population, or dengue surveillance observations.",0
2018-12-16,Pune (synthetic demonstration only),26,34.2,26.8,55.7,0.393,0.358,7000000,SYNTHETIC_NOT_OBSERVED,"Generated example values; not real Pune weather, satellite, population, or dengue surveillance observations.",0
2018-12-23,Pune (synthetic demonstration only),22,38.6,23.3,62.2,0.434,0.219,7000000,SYNTHETIC_NOT_OBSERVED,"Generated example values; not real Pune weather, satellite, population, or dengue surveillance observations.",0
2018-12-30,Pune (synthetic demonstration only),22,8.7,25.0,59.8,0.353,0.128,7000000,SYNTHETIC_NOT_OBSERVED,"Generated example values; not real Pune weather, satellite, population, or dengue surveillance observations.",0
2019-01-06,Pune (synthetic demonstration only),19,12.8,25.1,54.9,0.388,0.107,7000000,SYNTHETIC_NOT_OBSERVED,"Generated example values; not real Pune weather, satellite, population, or dengue surveillance observations.",0
2019-01-13,Pune (synthetic demonstration only),20,18.2,25.0,63.9,0.46,0.223,7000000,SYNTHETIC_NOT_OBSERVED,"Generated example values; not real Pune weather, satellite, population, or dengue surveillance observations.",0
2019-01-20,Pune (synthetic demonstration only),16,0.0,23.9,59.9,0.46,0.129,7000000,SYNTHETIC_NOT_OBSERVED,"Generated example values; not real Pune weather, satellite, population, or dengue surveillance observations.",0
2019-01-27,Pune (synthetic demonstration only),31,45.0,24.5,63.6,0.42,0.249,7000000,SYNTHETIC_NOT_OBSERVED,"Generated example values; not real Pune weather, satellite, population, or dengue surveillance observations.",0
2019-02-03,Pune (synthetic demonstration only),18,5.7,23.0,63.2,0.471,0.239,7000000,SYNTHETIC_NOT_OBSERVED,"Generated example values; not real Pune weather, satellite, population, or dengue surveillance observations.",0
2019-02-10,Pune (synthetic demonstration only),13,8.7,25.0,65.4,0.43,0.104,7000000,SYNTHETIC_NOT_OBSERVED,"Generated example values; not real Pune weather, satellite, population, or dengue surveillance observations.",0
2019-02-17,Pune (synthetic demonstration only),23,2.1,23.5,61.3,0.357,0.256,7000000,SYNTHETIC_NOT_OBSERVED,"Generated example values; not real Pune weather, satellite, population, or dengue surveillance observations.",0
2019-02-24,Pune (synthetic demonstration only),17,20.0,25.0,85.5,0.379,0.12,7000000,SYNTHETIC_NOT_OBSERVED,"Generated example values; not real Pune weather, satellite, population, or dengue surveillance observations.",0
2019-03-03,Pune (synthetic demonstration only),16,17.9,22.9,66.3,0.447,0.278,7000000,SYNTHETIC_NOT_OBSERVED,"Generated example values; not real Pune weather, satellite, population, or dengue surveillance observations.",0
2019-03-10,Pune (synthetic demonstration only),18,4.0,25.5,62.3,0.471,0.119,7000000,SYNTHETIC_NOT_OBSERVED,"Generated example values; not real Pune weather, satellite, population, or dengue surveillance observations.",0
2019-03-17,Pune (synthetic demonstration only),24,17.9,27.9,57.2,0.427,0.172,7000000,SYNTHETIC_NOT_OBSERVED,"Generated example values; not real Pune weather, satellite, population, or dengue surveillance observations.",0
2019-03-24,Pune (synthetic demonstration only),26,25.9,25.2,58.0,0.429,0.287,7000000,SYNTHETIC_NOT_OBSERVED,"Generated example values; not real Pune weather, satellite, population, or dengue surveillance observations.",0
2019-03-31,Pune (synthetic demonstration only),20,35.9,26.6,60.2,0.496,0.107,7000000,SYNTHETIC_NOT_OBSERVED,"Generated example values; not real Pune weather, satellite, population, or dengue surveillance observations.",0
2019-04-07,Pune (synthetic demonstration only),22,5.2,24.9,53.6,0.408,0.171,7000000,SYNTHETIC_NOT_OBSERVED,"Generated example values; not real Pune weather, satellite, population, or dengue surveillance observations.",0
2019-04-14,Pune (synthetic demonstration only),14,28.8,27.1,66.1,0.477,0.013,7000000,SYNTHETIC_NOT_OBSERVED,"Generated example values; not real Pune weather, satellite, population, or dengue surveillance observations.",0
2019-04-21,Pune (synthetic demonstration only),14,39.4,27.2,59.2,0.463,0.032,7000000,SYNTHETIC_NOT_OBSERVED,"Generated example values; not real Pune weather, satellite, population, or dengue surveillance observations.",0
2019-04-28,Pune (synthetic demonstration only),19,14.0,27.6,63.2,0.375,0.065,7000000,SYNTHETIC_NOT_OBSERVED,"Generated example values; not real Pune weather, satellite, population, or dengue surveillance observations.",0
2019-05-05,Pune (synthetic demonstration only),14,2.5,29.5,56.5,0.468,0.219,7000000,SYNTHETIC_NOT_OBSERVED,"Generated example values; not real Pune weather, satellite, population, or dengue surveillance observations.",0
2019-05-12,Pune (synthetic demonstration only),23,24.9,29.8,62.9,0.346,0.118,7000000,SYNTHETIC_NOT_OBSERVED,"Generated example values; not real Pune weather, satellite, population, or dengue surveillance observations.",0
2019-05-19,Pune (synthetic demonstration only),16,27.9,27.9,56.9,0.436,0.215,7000000,SYNTHETIC_NOT_OBSERVED,"Generated example values; not real Pune weather, satellite, population, or dengue surveillance observations.",0
2019-05-26,Pune (synthetic demonstration only),31,35.6,29.6,63.9,0.454,0.148,7000000,SYNTHETIC_NOT_OBSERVED,"Generated example values; not real Pune weather, satellite, population, or dengue surveillance observations.",1
2019-06-02,Pune (synthetic demonstration only),43,67.4,29.6,73.0,0.494,0.37,7000000,SYNTHETIC_NOT_OBSERVED,"Generated example values; not real Pune weather, satellite, population, or dengue surveillance observations.",0
2019-06-09,Pune (synthetic demonstration only),31,26.1,29.1,67.4,0.403,0.292,7000000,SYNTHETIC_NOT_OBSERVED,"Generated example values; not real Pune weather, satellite, population, or dengue surveillance observations.",0
2019-06-16,Pune (synthetic demonstration only),39,65.7,31.6,72.3,0.503,0.471,7000000,SYNTHETIC_NOT_OBSERVED,"Generated example values; not real Pune weather, satellite, population, or dengue surveillance observations.",0
2019-06-23,Pune (synthetic demonstration only),37,41.7,30.1,76.3,0.531,0.495,7000000,SYNTHETIC_NOT_OBSERVED,"Generated example values; not real Pune weather, satellite, population, or dengue surveillance observations.",1
2019-06-30,Pune (synthetic demonstration only),44,32.8,30.3,76.9,0.558,0.574,7000000,SYNTHETIC_NOT_OBSERVED,"Generated example values; not real Pune weather, satellite, population, or dengue surveillance observations.",1
2019-07-07,Pune (synthetic demonstration only),53,146.0,30.9,82.6,0.509,0.524,7000000,SYNTHETIC_NOT_OBSERVED,"Generated example values; not real Pune weather, satellite, population, or dengue surveillance observations.",0
2019-07-14,Pune (synthetic demonstration only),40,47.1,28.6,78.9,0.564,0.55,7000000,SYNTHETIC_NOT_OBSERVED,"Generated example values; not real Pune weather, satellite, population, or dengue surveillance observations.",1
2019-07-21,Pune (synthetic demonstration only),45,56.2,32.2,86.6,0.635,0.54,7000000,SYNTHETIC_NOT_OBSERVED,"Generated example values; not real Pune weather, satellite, population, or dengue surveillance observations.",1
2019-07-28,Pune (synthetic demonstration only),43,50.5,30.9,71.5,0.593,0.593,7000000,SYNTHETIC_NOT_OBSERVED,"Generated example values; not real Pune weather, satellite, population, or dengue surveillance observations.",1
2019-08-04,Pune (synthetic demonstration only),45,78.9,29.8,83.6,0.554,0.689,7000000,SYNTHETIC_NOT_OBSERVED,"Generated example values; not real Pune weather, satellite, population, or dengue surveillance observations.",1
2019-08-11,Pune (synthetic demonstration only),47,85.8,32.3,85.9,0.551,0.659,7000000,SYNTHETIC_NOT_OBSERVED,"Generated example values; not real Pune weather, satellite, population, or dengue surveillance observations.",1
2019-08-18,Pune (synthetic demonstration only),58,99.9,29.5,81.9,0.615,0.74,7000000,SYNTHETIC_NOT_OBSERVED,"Generated example values; not real Pune weather, satellite, population, or dengue surveillance observations.",1
2019-08-25,Pune (synthetic demonstration only),54,81.6,30.3,93.3,0.626,0.653,7000000,SYNTHETIC_NOT_OBSERVED,"Generated example values; not real Pune weather, satellite, population, or dengue surveillance observations.",1
2019-09-01,Pune (synthetic demonstration only),44,83.2,29.9,85.3,0.503,0.553,7000000,SYNTHETIC_NOT_OBSERVED,"Generated example values; not real Pune weather, satellite, population, or dengue surveillance observations.",1
2019-09-08,Pune (synthetic demonstration only),42,101.9,29.3,97.8,0.521,0.575,7000000,SYNTHETIC_NOT_OBSERVED,"Generated example values; not real Pune weather, satellite, population, or dengue surveillance observations.",1
2019-09-15,Pune (synthetic demonstration only),42,76.4,29.7,81.2,0.54,0.83,7000000,SYNTHETIC_NOT_OBSERVED,"Generated example values; not real Pune weather, satellite, population, or dengue surveillance observations.",1
2019-09-22,Pune (synthetic demonstration only),51,73.7,29.0,84.8,0.57,0.518,7000000,SYNTHETIC_NOT_OBSERVED,"Generated example values; not real Pune weather, satellite, population, or dengue surveillance observations.",1
2019-09-29,Pune (synthetic demonstration only),43,71.7,29.8,71.6,0.498,0.457,7000000,SYNTHETIC_NOT_OBSERVED,"Generated example values; not real Pune weather, satellite, population, or dengue surveillance observations.",1
2019-10-06,Pune (synthetic demonstration only),44,80.0,29.6,78.2,0.491,0.63,7000000,SYNTHETIC_NOT_OBSERVED,"Generated example values; not real Pune weather, satellite, population, or dengue surveillance observations.",1
2019-10-13,Pune (synthetic demonstration only),44,65.0,27.3,74.7,0.542,0.419,7000000,SYNTHETIC_NOT_OBSERVED,"Generated example values; not real Pune weather, satellite, population, or dengue surveillance observations.",0
2019-10-20,Pune (synthetic demonstration only),35,83.0,26.5,74.8,0.484,0.351,7000000,SYNTHETIC_NOT_OBSERVED,"Generated example values; not real Pune weather, satellite, population, or dengue surveillance observations.",0
2019-10-27,Pune (synthetic demonstration only),31,45.6,29.2,58.7,0.477,0.307,7000000,SYNTHETIC_NOT_OBSERVED,"Generated example values; not real Pune weather, satellite, population, or dengue surveillance observations.",0
2019-11-03,Pune (synthetic demonstration only),20,24.0,26.2,76.0,0.478,0.299,7000000,SYNTHETIC_NOT_OBSERVED,"Generated example values; not real Pune weather, satellite, population, or dengue surveillance observations.",0
2019-11-10,Pune (synthetic demonstration only),21,29.8,27.2,60.1,0.467,0.304,7000000,SYNTHETIC_NOT_OBSERVED,"Generated example values; not real Pune weather, satellite, population, or dengue surveillance observations.",0
2019-11-17,Pune (synthetic demonstration only),19,35.7,26.1,58.4,0.429,0.121,7000000,SYNTHETIC_NOT_OBSERVED,"Generated example values; not real Pune weather, satellite, population, or dengue surveillance observations.",0
2019-11-24,Pune (synthetic demonstration only),31,10.4,24.9,70.0,0.424,0.219,7000000,SYNTHETIC_NOT_OBSERVED,"Generated example values; not real Pune weather, satellite, population, or dengue surveillance observations.",0
2019-12-01,Pune (synthetic demonstration only),14,8.1,23.6,60.2,0.41,0.045,7000000,SYNTHETIC_NOT_OBSERVED,"Generated example values; not real Pune weather, satellite, population, or dengue surveillance observations.",0
2019-12-08,Pune (synthetic demonstration only),22,1.0,24.8,70.8,0.383,0.072,7000000,SYNTHETIC_NOT_OBSERVED,"Generated example values; not real Pune weather, satellite, population, or dengue surveillance observations.",0
2019-12-15,Pune (synthetic demonstration only),22,10.4,25.2,75.8,0.441,0.095,7000000,SYNTHETIC_NOT_OBSERVED,"Generated example values; not real Pune weather, satellite, population, or dengue surveillance observations.",0
2019-12-22,Pune (synthetic demonstration only),25,33.1,24.4,61.5,0.401,0.368,7000000,SYNTHETIC_NOT_OBSERVED,"Generated example values; not real Pune weather, satellite, population, or dengue surveillance observations.",0
2019-12-29,Pune (synthetic demonstration only),21,0.0,25.2,59.9,0.437,0.116,7000000,SYNTHETIC_NOT_OBSERVED,"Generated example values; not real Pune weather, satellite, population, or dengue surveillance observations.",0
2020-01-05,Pune (synthetic demonstration only),17,22.3,25.7,59.1,0.383,0.19,7000000,SYNTHETIC_NOT_OBSERVED,"Generated example values; not real Pune weather, satellite, population, or dengue surveillance observations.",0
2020-01-12,Pune (synthetic demonstration only),21,38.0,23.3,58.6,0.375,0.0,7000000,SYNTHETIC_NOT_OBSERVED,"Generated example values; not real Pune weather, satellite, population, or dengue surveillance observations.",0
2020-01-19,Pune (synthetic demonstration only),14,0.9,24.2,66.2,0.428,0.225,7000000,SYNTHETIC_NOT_OBSERVED,"Generated example values; not real Pune weather, satellite, population, or dengue surveillance observations.",0
2020-01-26,Pune (synthetic demonstration only),24,33.2,23.6,65.7,0.447,0.097,7000000,SYNTHETIC_NOT_OBSERVED,"Generated example values; not real Pune weather, satellite, population, or dengue surveillance observations.",0
2020-02-02,Pune (synthetic demonstration only),19,0.0,23.6,56.1,0.404,0.272,7000000,SYNTHETIC_NOT_OBSERVED,"Generated example values; not real Pune weather, satellite, population, or dengue surveillance observations.",0
2020-02-09,Pune (synthetic demonstration only),23,56.4,24.3,54.2,0.424,0.0,7000000,SYNTHETIC_NOT_OBSERVED,"Generated example values; not real Pune weather, satellite, population, or dengue surveillance observations.",0
2020-02-16,Pune (synthetic demonstration only),14,11.6,23.9,66.9,0.455,0.0,7000000,SYNTHETIC_NOT_OBSERVED,"Generated example values; not real Pune weather, satellite, population, or dengue surveillance observations.",0
2020-02-23,Pune (synthetic demonstration only),23,26.4,24.4,59.7,0.436,0.194,7000000,SYNTHETIC_NOT_OBSERVED,"Generated example values; not real Pune weather, satellite, population, or dengue surveillance observations.",0
2020-03-01,Pune (synthetic demonstration only),21,14.1,25.6,71.5,0.415,0.078,7000000,SYNTHETIC_NOT_OBSERVED,"Generated example values; not real Pune weather, satellite, population, or dengue surveillance observations.",0
2020-03-08,Pune (synthetic demonstration only),13,0.0,24.5,64.7,0.532,0.099,7000000,SYNTHETIC_NOT_OBSERVED,"Generated example values; not real Pune weather, satellite, population, or dengue surveillance observations.",0
2020-03-15,Pune (synthetic demonstration only),19,15.1,25.8,64.9,0.386,0.056,7000000,SYNTHETIC_NOT_OBSERVED,"Generated example values; not real Pune weather, satellite, population, or dengue surveillance observations.",0
2020-03-22,Pune (synthetic demonstration only),12,0.0,26.2,64.1,0.404,0.177,7000000,SYNTHETIC_NOT_OBSERVED,"Generated example values; not real Pune weather, satellite, population, or dengue surveillance observations.",0
2020-03-29,Pune (synthetic demonstration only),17,0.0,23.5,71.9,0.345,0.135,7000000,SYNTHETIC_NOT_OBSERVED,"Generated example values; not real Pune weather, satellite, population, or dengue surveillance observations.",0
2020-04-05,Pune (synthetic demonstration only),25,32.6,27.3,58.6,0.37,0.054,7000000,SYNTHETIC_NOT_OBSERVED,"Generated example values; not real Pune weather, satellite, population, or dengue surveillance observations.",0
2020-04-12,Pune (synthetic demonstration only),16,0.0,26.8,53.2,0.486,0.233,7000000,SYNTHETIC_NOT_OBSERVED,"Generated example values; not real Pune weather, satellite, population, or dengue surveillance observations.",0
2020-04-19,Pune (synthetic demonstration only),12,21.3,26.8,59.5,0.503,0.051,7000000,SYNTHETIC_NOT_OBSERVED,"Generated example values; not real Pune weather, satellite, population, or dengue surveillance observations.",0
2020-04-26,Pune (synthetic demonstration only),15,0.0,27.7,80.0,0.411,0.024,7000000,SYNTHETIC_NOT_OBSERVED,"Generated example values; not real Pune weather, satellite, population, or dengue surveillance observations.",0
2020-05-03,Pune (synthetic demonstration only),22,9.2,29.2,62.2,0.48,0.2,7000000,SYNTHETIC_NOT_OBSERVED,"Generated example values; not real Pune weather, satellite, population, or dengue surveillance observations.",0
2020-05-10,Pune (synthetic demonstration only),31,14.6,29.6,67.0,0.399,0.308,7000000,SYNTHETIC_NOT_OBSERVED,"Generated example values; not real Pune weather, satellite, population, or dengue surveillance observations.",0
2020-05-17,Pune (synthetic demonstration only),27,3.8,29.8,64.6,0.442,0.145,7000000,SYNTHETIC_NOT_OBSERVED,"Generated example values; not real Pune weather, satellite, population, or dengue surveillance observations.",0
2020-05-24,Pune (synthetic demonstration only),25,15.6,30.2,61.0,0.327,0.295,7000000,SYNTHETIC_NOT_OBSERVED,"Generated example values; not real Pune weather, satellite, population, or dengue surveillance observations.",0
2020-05-31,Pune (synthetic demonstration only),28,0.1,29.2,58.6,0.442,0.286,7000000,SYNTHETIC_NOT_OBSERVED,"Generated example values; not real Pune weather, satellite, population, or dengue surveillance observations.",0
2020-06-07,Pune (synthetic demonstration only),25,51.8,29.2,61.6,0.536,0.381,7000000,SYNTHETIC_NOT_OBSERVED,"Generated example values; not real Pune weather, satellite, population, or dengue surveillance observations.",0
2020-06-14,Pune (synthetic demonstration only),37,38.2,30.3,65.3,0.482,0.502,7000000,SYNTHETIC_NOT_OBSERVED,"Generated example values; not real Pune weather, satellite, population, or dengue surveillance observations.",0
2020-06-21,Pune (synthetic demonstration only),38,45.5,29.0,77.4,0.481,0.547,7000000,SYNTHETIC_NOT_OBSERVED,"Generated example values; not real Pune weather, satellite, population, or dengue surveillance observations.",1
2020-06-28,Pune (synthetic demonstration only),43,45.6,29.7,65.9,0.497,0.65,7000000,SYNTHETIC_NOT_OBSERVED,"Generated example values; not real Pune weather, satellite, population, or dengue surveillance observations.",1
2020-07-05,Pune (synthetic demonstration only),54,81.8,30.1,78.7,0.552,0.53,7000000,SYNTHETIC_NOT_OBSERVED,"Generated example values; not real Pune weather, satellite, population, or dengue surveillance observations.",1
2020-07-12,Pune (synthetic demonstration only),49,55.0,28.9,77.2,0.562,0.547,7000000,SYNTHETIC_NOT_OBSERVED,"Generated example values; not real Pune weather, satellite, population, or dengue surveillance observations.",1
2020-07-19,Pune (synthetic demonstration only),53,118.7,31.4,75.1,0.578,0.585,7000000,SYNTHETIC_NOT_OBSERVED,"Generated example values; not real Pune weather, satellite, population, or dengue surveillance observations.",1
2020-07-26,Pune (synthetic demonstration only),51,97.7,31.2,83.4,0.503,0.759,7000000,SYNTHETIC_NOT_OBSERVED,"Generated example values; not real Pune weather, satellite, population, or dengue surveillance observations.",1
2020-08-02,Pune (synthetic demonstration only),51,68.5,30.2,81.0,0.602,0.483,7000000,SYNTHETIC_NOT_OBSERVED,"Generated example values; not real Pune weather, satellite, population, or dengue surveillance observations.",0
2020-08-09,Pune (synthetic demonstration only),40,86.1,31.1,71.4,0.637,0.452,7000000,SYNTHETIC_NOT_OBSERVED,"Generated example values; not real Pune weather, satellite, population, or dengue surveillance observations.",1
2020-08-16,Pune (synthetic demonstration only),44,58.5,30.6,79.4,0.648,0.772,7000000,SYNTHETIC_NOT_OBSERVED,"Generated example values; not real Pune weather, satellite, population, or dengue surveillance observations.",1
2020-08-23,Pune (synthetic demonstration only),55,102.7,30.9,82.4,0.606,0.54,7000000,SYNTHETIC_NOT_OBSERVED,"Generated example values; not real Pune weather, satellite, population, or dengue surveillance observations.",1
2020-08-30,Pune (synthetic demonstration only),48,107.5,29.6,84.0,0.576,0.757,7000000,SYNTHETIC_NOT_OBSERVED,"Generated example values; not real Pune weather, satellite, population, or dengue surveillance observations.",1
2020-09-06,Pune (synthetic demonstration only),51,65.5,28.3,79.2,0.608,0.716,7000000,SYNTHETIC_NOT_OBSERVED,"Generated example values; not real Pune weather, satellite, population, or dengue surveillance observations.",0
2020-09-13,Pune (synthetic demonstration only),40,65.9,28.6,86.7,0.516,0.587,7000000,SYNTHETIC_NOT_OBSERVED,"Generated example values; not real Pune weather, satellite, population, or dengue surveillance observations.",1
2020-09-20,Pune (synthetic demonstration only),41,77.6,30.3,79.2,0.516,0.544,7000000,SYNTHETIC_NOT_OBSERVED,"Generated example values; not real Pune weather, satellite, population, or dengue surveillance observations.",1
2020-09-27,Pune (synthetic demonstration only),44,84.3,30.3,68.1,0.584,0.661,7000000,SYNTHETIC_NOT_OBSERVED,"Generated example values; not real Pune weather, satellite, population, or dengue surveillance observations.",0
2020-10-04,Pune (synthetic demonstration only),38,42.8,28.8,73.5,0.56,0.402,7000000,SYNTHETIC_NOT_OBSERVED,"Generated example values; not real Pune weather, satellite, population, or dengue surveillance observations.",0
2020-10-11,Pune (synthetic demonstration only),31,61.5,27.8,73.7,0.539,0.328,7000000,SYNTHETIC_NOT_OBSERVED,"Generated example values; not real Pune weather, satellite, population, or dengue surveillance observations.",0
2020-10-18,Pune (synthetic demonstration only),35,69.3,28.0,75.7,0.509,0.293,7000000,SYNTHETIC_NOT_OBSERVED,"Generated example values; not real Pune weather, satellite, population, or dengue surveillance observations.",0
2020-10-25,Pune (synthetic demonstration only),35,64.3,26.6,77.1,0.496,0.22,7000000,SYNTHETIC_NOT_OBSERVED,"Generated example values; not real Pune weather, satellite, population, or dengue surveillance observations.",0
2020-11-01,Pune (synthetic demonstration only),27,20.6,24.8,65.1,0.449,0.333,7000000,SYNTHETIC_NOT_OBSERVED,"Generated example values; not real Pune weather, satellite, population, or dengue surveillance observations.",0
2020-11-08,Pune (synthetic demonstration only),30,43.7,27.1,70.4,0.444,0.334,7000000,SYNTHETIC_NOT_OBSERVED,"Generated example values; not real Pune weather, satellite, population, or dengue surveillance observations.",0
2020-11-15,Pune (synthetic demonstration only),39,37.2,26.6,62.5,0.429,0.174,7000000,SYNTHETIC_NOT_OBSERVED,"Generated example values; not real Pune weather, satellite, population, or dengue surveillance observations.",0
2020-11-22,Pune (synthetic demonstration only),18,15.8,25.3,60.1,0.498,0.171,7000000,SYNTHETIC_NOT_OBSERVED,"Generated example values; not real Pune weather, satellite, population, or dengue surveillance observations.",0
2020-11-29,Pune (synthetic demonstration only),14,31.3,25.9,57.6,0.39,0.099,7000000,SYNTHETIC_NOT_OBSERVED,"Generated example values; not real Pune weather, satellite, population, or dengue surveillance observations.",0
2020-12-06,Pune (synthetic demonstration only),16,27.9,24.1,68.5,0.379,0.121,7000000,SYNTHETIC_NOT_OBSERVED,"Generated example values; not real Pune weather, satellite, population, or dengue surveillance observations.",0
2020-12-13,Pune (synthetic demonstration only),16,0.0,26.0,57.9,0.343,0.158,7000000,SYNTHETIC_NOT_OBSERVED,"Generated example values; not real Pune weather, satellite, population, or dengue surveillance observations.",0
2020-12-20,Pune (synthetic demonstration only),18,0.0,25.6,65.1,0.402,0.239,7000000,SYNTHETIC_NOT_OBSERVED,"Generated example values; not real Pune weather, satellite, population, or dengue surveillance observations.",0
2020-12-27,Pune (synthetic demonstration only),22,52.7,23.1,61.5,0.461,0.172,7000000,SYNTHETIC_NOT_OBSERVED,"Generated example values; not real Pune weather, satellite, population, or dengue surveillance observations.",0
2021-01-03,Pune (synthetic demonstration only),13,13.1,23.3,58.8,0.466,0.089,7000000,SYNTHETIC_NOT_OBSERVED,"Generated example values; not real Pune weather, satellite, population, or dengue surveillance observations.",0
2021-01-10,Pune (synthetic demonstration only),13,21.1,23.9,51.4,0.411,0.209,7000000,SYNTHETIC_NOT_OBSERVED,"Generated example values; not real Pune weather, satellite, population, or dengue surveillance observations.",0
2021-01-17,Pune (synthetic demonstration only),13,32.7,26.7,65.2,0.489,0.139,7000000,SYNTHETIC_NOT_OBSERVED,"Generated example values; not real Pune weather, satellite, population, or dengue surveillance observations.",0
2021-01-24,Pune (synthetic demonstration only),21,32.7,24.6,62.2,0.433,0.009,7000000,SYNTHETIC_NOT_OBSERVED,"Generated example values; not real Pune weather, satellite, population, or dengue surveillance observations.",0
2021-01-31,Pune (synthetic demonstration only),26,14.0,23.9,67.1,0.403,0.356,7000000,SYNTHETIC_NOT_OBSERVED,"Generated example values; not real Pune weather, satellite, population, or dengue surveillance observations.",0
2021-02-07,Pune (synthetic demonstration only),14,21.8,23.6,66.0,0.507,0.156,7000000,SYNTHETIC_NOT_OBSERVED,"Generated example values; not real Pune weather, satellite, population, or dengue surveillance observations.",0
2021-02-14,Pune (synthetic demonstration only),14,0.0,24.9,63.5,0.458,0.099,7000000,SYNTHETIC_NOT_OBSERVED,"Generated example values; not real Pune weather, satellite, population, or dengue surveillance observations.",0
2021-02-21,Pune (synthetic demonstration only),24,51.3,23.3,62.2,0.395,0.096,7000000,SYNTHETIC_NOT_OBSERVED,"Generated example values; not real Pune weather, satellite, population, or dengue surveillance observations.",0
2021-02-28,Pune (synthetic demonstration only),16,17.7,25.2,44.0,0.48,0.15,7000000,SYNTHETIC_NOT_OBSERVED,"Generated example values; not real Pune weather, satellite, population, or dengue surveillance observations.",0
2021-03-07,Pune (synthetic demonstration only),13,0.0,26.5,68.1,0.395,0.071,7000000,SYNTHETIC_NOT_OBSERVED,"Generated example values; not real Pune weather, satellite, population, or dengue surveillance observations.",0
2021-03-14,Pune (synthetic demonstration only),26,25.5,26.2,57.8,0.447,0.103,7000000,SYNTHETIC_NOT_OBSERVED,"Generated example values; not real Pune weather, satellite, population, or dengue surveillance observations.",0
2021-03-21,Pune (synthetic demonstration only),32,20.6,24.8,56.3,0.482,0.078,7000000,SYNTHETIC_NOT_OBSERVED,"Generated example values; not real Pune weather, satellite, population, or dengue surveillance observations.",0
2021-03-28,Pune (synthetic demonstration only),14,20.9,26.6,59.1,0.359,0.393,7000000,SYNTHETIC_NOT_OBSERVED,"Generated example values; not real Pune weather, satellite, population, or dengue surveillance observations.",0
2021-04-04,Pune (synthetic demonstration only),18,27.1,25.7,60.8,0.484,0.251,7000000,SYNTHETIC_NOT_OBSERVED,"Generated example values; not real Pune weather, satellite, population, or dengue surveillance observations.",0
2021-04-11,Pune (synthetic demonstration only),14,15.5,27.0,63.2,0.415,0.012,7000000,SYNTHETIC_NOT_OBSERVED,"Generated example values; not real Pune weather, satellite, population, or dengue surveillance observations.",0
2021-04-18,Pune (synthetic demonstration only),24,30.6,27.7,68.7,0.43,0.136,7000000,SYNTHETIC_NOT_OBSERVED,"Generated example values; not real Pune weather, satellite, population, or dengue surveillance observations.",0
2021-04-25,Pune (synthetic demonstration only),13,10.5,26.9,58.8,0.401,0.057,7000000,SYNTHETIC_NOT_OBSERVED,"Generated example values; not real Pune weather, satellite, population, or dengue surveillance observations.",0
2021-05-02,Pune (synthetic demonstration only),28,40.2,27.8,64.1,0.41,0.155,7000000,SYNTHETIC_NOT_OBSERVED,"Generated example values; not real Pune weather, satellite, population, or dengue surveillance observations.",0
2021-05-09,Pune (synthetic demonstration only),22,26.9,29.2,61.4,0.359,0.001,7000000,SYNTHETIC_NOT_OBSERVED,"Generated example values; not real Pune weather, satellite, population, or dengue surveillance observations.",0
2021-05-16,Pune (synthetic demonstration only),22,0.0,28.4,71.3,0.505,0.0,7000000,SYNTHETIC_NOT_OBSERVED,"Generated example values; not real Pune weather, satellite, population, or dengue surveillance observations.",0
2021-05-23,Pune (synthetic demonstration only),28,20.2,27.8,56.0,0.427,0.103,7000000,SYNTHETIC_NOT_OBSERVED,"Generated example values; not real Pune weather, satellite, population, or dengue surveillance observations.",0
2021-05-30,Pune (synthetic demonstration only),21,31.1,29.4,63.6,0.451,0.127,7000000,SYNTHETIC_NOT_OBSERVED,"Generated example values; not real Pune weather, satellite, population, or dengue surveillance observations.",0
2021-06-06,Pune (synthetic demonstration only),22,61.1,27.9,68.3,0.45,0.392,7000000,SYNTHETIC_NOT_OBSERVED,"Generated example values; not real Pune weather, satellite, population, or dengue surveillance observations.",0
2021-06-13,Pune (synthetic demonstration only),30,41.1,29.9,65.9,0.476,0.446,7000000,SYNTHETIC_NOT_OBSERVED,"Generated example values; not real Pune weather, satellite, population, or dengue surveillance observations.",1
2021-06-20,Pune (synthetic demonstration only),41,29.2,30.5,69.0,0.515,0.452,7000000,SYNTHETIC_NOT_OBSERVED,"Generated example values; not real Pune weather, satellite, population, or dengue surveillance observations.",0
2021-06-27,Pune (synthetic demonstration only),33,42.8,30.0,69.4,0.43,0.437,7000000,SYNTHETIC_NOT_OBSERVED,"Generated example values; not real Pune weather, satellite, population, or dengue surveillance observations.",1
2021-07-04,Pune (synthetic demonstration only),50,70.9,31.1,76.7,0.536,0.425,7000000,SYNTHETIC_NOT_OBSERVED,"Generated example values; not real Pune weather, satellite, population, or dengue surveillance observations.",1
2021-07-11,Pune (synthetic demonstration only),41,75.1,33.4,68.1,0.551,0.542,7000000,SYNTHETIC_NOT_OBSERVED,"Generated example values; not real Pune weather, satellite, population, or dengue surveillance observations.",1
2021-07-18,Pune (synthetic demonstration only),61,103.3,31.5,84.6,0.548,0.732,7000000,SYNTHETIC_NOT_OBSERVED,"Generated example values; not real Pune weather, satellite, population, or dengue surveillance observations.",1
2021-07-25,Pune (synthetic demonstration only),59,69.8,31.1,77.5,0.61,0.715,7000000,SYNTHETIC_NOT_OBSERVED,"Generated example values; not real Pune weather, satellite, population, or dengue surveillance observations.",1
2021-08-01,Pune (synthetic demonstration only),56,72.1,30.4,77.2,0.584,0.728,7000000,SYNTHETIC_NOT_OBSERVED,"Generated example values; not real Pune weather, satellite, population, or dengue surveillance observations.",1
2021-08-08,Pune (synthetic demonstration only),48,89.5,30.3,70.1,0.57,0.648,7000000,SYNTHETIC_NOT_OBSERVED,"Generated example values; not real Pune weather, satellite, population, or dengue surveillance observations.",1
2021-08-15,Pune (synthetic demonstration only),56,89.9,31.5,77.1,0.609,0.857,7000000,SYNTHETIC_NOT_OBSERVED,"Generated example values; not real Pune weather, satellite, population, or dengue surveillance observations.",1
2021-08-22,Pune (synthetic demonstration only),41,76.1,28.8,76.0,0.623,0.406,7000000,SYNTHETIC_NOT_OBSERVED,"Generated example values; not real Pune weather, satellite, population, or dengue surveillance observations.",1
2021-08-29,Pune (synthetic demonstration only),84,101.5,31.3,87.8,0.582,0.768,7000000,SYNTHETIC_NOT_OBSERVED,"Generated example values; not real Pune weather, satellite, population, or dengue surveillance observations.",1
2021-09-05,Pune (synthetic demonstration only),61,72.0,27.0,73.2,0.593,0.644,7000000,SYNTHETIC_NOT_OBSERVED,"Generated example values; not real Pune weather, satellite, population, or dengue surveillance observations.",1
2021-09-12,Pune (synthetic demonstration only),55,93.2,28.8,81.1,0.542,0.639,7000000,SYNTHETIC_NOT_OBSERVED,"Generated example values; not real Pune weather, satellite, population, or dengue surveillance observations.",0
2021-09-19,Pune (synthetic demonstration only),39,72.5,28.8,79.7,0.593,0.551,7000000,SYNTHETIC_NOT_OBSERVED,"Generated example values; not real Pune weather, satellite, population, or dengue surveillance observations.",0
2021-09-26,Pune (synthetic demonstration only),40,89.5,28.1,77.2,0.631,0.665,7000000,SYNTHETIC_NOT_OBSERVED,"Generated example values; not real Pune weather, satellite, population, or dengue surveillance observations.",1
2021-10-03,Pune (synthetic demonstration only),42,42.9,29.9,71.0,0.631,0.598,7000000,SYNTHETIC_NOT_OBSERVED,"Generated example values; not real Pune weather, satellite, population, or dengue surveillance observations.",1
2021-10-10,Pune (synthetic demonstration only),46,78.3,29.5,73.0,0.528,0.641,7000000,SYNTHETIC_NOT_OBSERVED,"Generated example values; not real Pune weather, satellite, population, or dengue surveillance observations.",0
2021-10-17,Pune (synthetic demonstration only),40,64.0,26.6,61.4,0.436,0.522,7000000,SYNTHETIC_NOT_OBSERVED,"Generated example values; not real Pune weather, satellite, population, or dengue surveillance observations.",0
2021-10-24,Pune (synthetic demonstration only),33,38.2,25.8,74.1,0.514,0.33,7000000,SYNTHETIC_NOT_OBSERVED,"Generated example values; not real Pune weather, satellite, population, or dengue surveillance observations.",0
2021-10-31,Pune (synthetic demonstration only),32,26.7,27.4,65.8,0.454,0.382,7000000,SYNTHETIC_NOT_OBSERVED,"Generated example values; not real Pune weather, satellite, population, or dengue surveillance observations.",0
2021-11-07,Pune (synthetic demonstration only),29,43.6,25.9,54.5,0.442,0.274,7000000,SYNTHETIC_NOT_OBSERVED,"Generated example values; not real Pune weather, satellite, population, or dengue surveillance observations.",0
2021-11-14,Pune (synthetic demonstration only),25,13.2,28.2,63.5,0.461,0.293,7000000,SYNTHETIC_NOT_OBSERVED,"Generated example values; not real Pune weather, satellite, population, or dengue surveillance observations.",0
2021-11-21,Pune (synthetic demonstration only),26,42.8,26.1,61.8,0.42,0.17,7000000,SYNTHETIC_NOT_OBSERVED,"Generated example values; not real Pune weather, satellite, population, or dengue surveillance observations.",0
2021-11-28,Pune (synthetic demonstration only),27,0.0,27.3,70.4,0.418,0.236,7000000,SYNTHETIC_NOT_OBSERVED,"Generated example values; not real Pune weather, satellite, population, or dengue surveillance observations.",0
2021-12-05,Pune (synthetic demonstration only),25,9.7,27.2,67.8,0.426,0.0,7000000,SYNTHETIC_NOT_OBSERVED,"Generated example values; not real Pune weather, satellite, population, or dengue surveillance observations.",0
2021-12-12,Pune (synthetic demonstration only),20,0.0,26.8,62.8,0.462,0.209,7000000,SYNTHETIC_NOT_OBSERVED,"Generated example values; not real Pune weather, satellite, population, or dengue surveillance observations.",0
2021-12-19,Pune (synthetic demonstration only),15,26.8,25.8,50.9,0.447,0.199,7000000,SYNTHETIC_NOT_OBSERVED,"Generated example values; not real Pune weather, satellite, population, or dengue surveillance observations.",0
2021-12-26,Pune (synthetic demonstration only),14,5.8,24.4,48.7,0.464,0.05,7000000,SYNTHETIC_NOT_OBSERVED,"Generated example values; not real Pune weather, satellite, population, or dengue surveillance observations.",0
2022-01-02,Pune (synthetic demonstration only),21,29.7,24.4,52.3,0.417,0.22,7000000,SYNTHETIC_NOT_OBSERVED,"Generated example values; not real Pune weather, satellite, population, or dengue surveillance observations.",0
2022-01-09,Pune (synthetic demonstration only),26,7.6,25.0,65.0,0.425,0.182,7000000,SYNTHETIC_NOT_OBSERVED,"Generated example values; not real Pune weather, satellite, population, or dengue surveillance observations.",0
2022-01-16,Pune (synthetic demonstration only),23,15.0,24.9,58.9,0.415,0.154,7000000,SYNTHETIC_NOT_OBSERVED,"Generated example values; not real Pune weather, satellite, population, or dengue surveillance observations.",0
2022-01-23,Pune (synthetic demonstration only),14,0.0,25.2,63.8,0.425,0.082,7000000,SYNTHETIC_NOT_OBSERVED,"Generated example values; not real Pune weather, satellite, population, or dengue surveillance observations.",0
2022-01-30,Pune (synthetic demonstration only),13,18.0,25.6,64.7,0.398,0.118,7000000,SYNTHETIC_NOT_OBSERVED,"Generated example values; not real Pune weather, satellite, population, or dengue surveillance observations.",0
2022-02-06,Pune (synthetic demonstration only),23,47.8,23.5,57.1,0.509,0.088,7000000,SYNTHETIC_NOT_OBSERVED,"Generated example values; not real Pune weather, satellite, population, or dengue surveillance observations.",0
2022-02-13,Pune (synthetic demonstration only),22,4.8,24.6,69.4,0.485,0.122,7000000,SYNTHETIC_NOT_OBSERVED,"Generated example values; not real Pune weather, satellite, population, or dengue surveillance observations.",0
2022-02-20,Pune (synthetic demonstration only),18,0.0,24.4,65.3,0.391,0.048,7000000,SYNTHETIC_NOT_OBSERVED,"Generated example values; not real Pune weather, satellite, population, or dengue surveillance observations.",0
2022-02-27,Pune (synthetic demonstration only),14,12.0,26.9,64.3,0.427,0.151,7000000,SYNTHETIC_NOT_OBSERVED,"Generated example values; not real Pune weather, satellite, population, or dengue surveillance observations.",0
2022-03-06,Pune (synthetic demonstration only),12,0.0,26.0,55.5,0.404,0.119,7000000,SYNTHETIC_NOT_OBSERVED,"Generated example values; not real Pune weather, satellite, population, or dengue surveillance observations.",0
2022-03-13,Pune (synthetic demonstration only),25,33.2,23.0,49.9,0.399,0.296,7000000,SYNTHETIC_NOT_OBSERVED,"Generated example values; not real Pune weather, satellite, population, or dengue surveillance observations.",0
2022-03-20,Pune (synthetic demonstration only),23,31.4,26.4,67.7,0.364,0.074,7000000,SYNTHETIC_NOT_OBSERVED,"Generated example values; not real Pune weather, satellite, population, or dengue surveillance observations.",0
2022-03-27,Pune (synthetic demonstration only),27,23.2,25.3,47.3,0.409,0.128,7000000,SYNTHETIC_NOT_OBSERVED,"Generated example values; not real Pune weather, satellite, population, or dengue surveillance observations.",0
2022-04-03,Pune (synthetic demonstration only),24,25.2,26.4,74.4,0.437,0.179,7000000,SYNTHETIC_NOT_OBSERVED,"Generated example values; not real Pune weather, satellite, population, or dengue surveillance observations.",0
2022-04-10,Pune (synthetic demonstration only),36,53.1,26.5,65.7,0.361,0.307,7000000,SYNTHETIC_NOT_OBSERVED,"Generated example values; not real Pune weather, satellite, population, or dengue surveillance observations.",0
2022-04-17,Pune (synthetic demonstration only),19,39.2,26.4,68.6,0.383,0.15,7000000,SYNTHETIC_NOT_OBSERVED,"Generated example values; not real Pune weather, satellite, population, or dengue surveillance observations.",0
2022-04-24,Pune (synthetic demonstration only),25,18.3,28.0,58.8,0.461,0.192,7000000,SYNTHETIC_NOT_OBSERVED,"Generated example values; not real Pune weather, satellite, population, or dengue surveillance observations.",0
2022-05-01,Pune (synthetic demonstration only),30,31.1,27.4,69.7,0.429,0.31,7000000,SYNTHETIC_NOT_OBSERVED,"Generated example values; not real Pune weather, satellite, population, or dengue surveillance observations.",0
2022-05-08,Pune (synthetic demonstration only),19,24.3,29.1,58.0,0.462,0.148,7000000,SYNTHETIC_NOT_OBSERVED,"Generated example values; not real Pune weather, satellite, population, or dengue surveillance observations.",0
2022-05-15,Pune (synthetic demonstration only),13,9.9,28.8,70.6,0.437,0.144,7000000,SYNTHETIC_NOT_OBSERVED,"Generated example values; not real Pune weather, satellite, population, or dengue surveillance observations.",0
2022-05-22,Pune (synthetic demonstration only),25,42.8,28.9,65.2,0.421,0.25,7000000,SYNTHETIC_NOT_OBSERVED,"Generated example values; not real Pune weather, satellite, population, or dengue surveillance observations.",0
2022-05-29,Pune (synthetic demonstration only),22,36.5,29.1,72.3,0.449,0.264,7000000,SYNTHETIC_NOT_OBSERVED,"Generated example values; not real Pune weather, satellite, population, or dengue surveillance observations.",0
2022-06-05,Pune (synthetic demonstration only),21,43.2,30.1,62.3,0.393,0.309,7000000,SYNTHETIC_NOT_OBSERVED,"Generated example values; not real Pune weather, satellite, population, or dengue surveillance observations.",0
2022-06-12,Pune (synthetic demonstration only),32,27.8,30.4,69.8,0.478,0.268,7000000,SYNTHETIC_NOT_OBSERVED,"Generated example values; not real Pune weather, satellite, population, or dengue surveillance observations.",0
2022-06-19,Pune (synthetic demonstration only),37,52.3,31.6,66.9,0.493,0.454,7000000,SYNTHETIC_NOT_OBSERVED,"Generated example values; not real Pune weather, satellite, population, or dengue surveillance observations.",1
2022-06-26,Pune (synthetic demonstration only),50,67.2,31.9,68.1,0.478,0.462,7000000,SYNTHETIC_NOT_OBSERVED,"Generated example values; not real Pune weather, satellite, population, or dengue surveillance observations.",1
2022-07-03,Pune (synthetic demonstration only),42,68.3,32.1,77.4,0.546,0.271,7000000,SYNTHETIC_NOT_OBSERVED,"Generated example values; not real Pune weather, satellite, population, or dengue surveillance observations.",1
2022-07-10,Pune (synthetic demonstration only),47,73.6,30.8,70.7,0.585,0.533,7000000,SYNTHETIC_NOT_OBSERVED,"Generated example values; not real Pune weather, satellite, population, or dengue surveillance observations.",1
2022-07-17,Pune (synthetic demonstration only),46,124.0,30.8,80.5,0.531,0.483,7000000,SYNTHETIC_NOT_OBSERVED,"Generated example values; not real Pune weather, satellite, population, or dengue surveillance observations.",1
2022-07-24,Pune (synthetic demonstration only),50,71.7,30.6,69.4,0.63,0.641,7000000,SYNTHETIC_NOT_OBSERVED,"Generated example values; not real Pune weather, satellite, population, or dengue surveillance observations.",1
2022-07-31,Pune (synthetic demonstration only),54,103.5,30.8,74.9,0.615,0.577,7000000,SYNTHETIC_NOT_OBSERVED,"Generated example values; not real Pune weather, satellite, population, or dengue surveillance observations.",1
2022-08-07,Pune (synthetic demonstration only),58,96.4,32.5,92.7,0.617,0.81,7000000,SYNTHETIC_NOT_OBSERVED,"Generated example values; not real Pune weather, satellite, population, or dengue surveillance observations.",1
2022-08-14,Pune (synthetic demonstration only),58,83.3,30.0,82.2,0.554,0.691,7000000,SYNTHETIC_NOT_OBSERVED,"Generated example values; not real Pune weather, satellite, population, or dengue surveillance observations.",1
2022-08-21,Pune (synthetic demonstration only),67,103.3,29.9,81.5,0.631,0.842,7000000,SYNTHETIC_NOT_OBSERVED,"Generated example values; not real Pune weather, satellite, population, or dengue surveillance observations.",1
2022-08-28,Pune (synthetic demonstration only),50,97.0,30.8,81.2,0.592,0.804,7000000,SYNTHETIC_NOT_OBSERVED,"Generated example values; not real Pune weather, satellite, population, or dengue surveillance observations.",1
2022-09-04,Pune (synthetic demonstration only),63,130.5,30.0,79.2,0.511,0.867,7000000,SYNTHETIC_NOT_OBSERVED,"Generated example values; not real Pune weather, satellite, population, or dengue surveillance observations.",1
2022-09-11,Pune (synthetic demonstration only),52,50.6,29.6,69.2,0.525,0.408,7000000,SYNTHETIC_NOT_OBSERVED,"Generated example values; not real Pune weather, satellite, population, or dengue surveillance observations.",1
2022-09-18,Pune (synthetic demonstration only),61,77.7,29.0,83.2,0.555,0.681,7000000,SYNTHETIC_NOT_OBSERVED,"Generated example values; not real Pune weather, satellite, population, or dengue surveillance observations.",1
2022-09-25,Pune (synthetic demonstration only),53,54.4,28.7,74.4,0.496,0.669,7000000,SYNTHETIC_NOT_OBSERVED,"Generated example values; not real Pune weather, satellite, population, or dengue surveillance observations.",1
2022-10-02,Pune (synthetic demonstration only),46,51.7,25.9,78.3,0.563,0.652,7000000,SYNTHETIC_NOT_OBSERVED,"Generated example values; not real Pune weather, satellite, population, or dengue surveillance observations.",1
2022-10-09,Pune (synthetic demonstration only),41,49.4,27.7,86.7,0.521,0.452,7000000,SYNTHETIC_NOT_OBSERVED,"Generated example values; not real Pune weather, satellite, population, or dengue surveillance observations.",0
2022-10-16,Pune (synthetic demonstration only),29,40.3,27.3,71.6,0.486,0.506,7000000,SYNTHETIC_NOT_OBSERVED,"Generated example values; not real Pune weather, satellite, population, or dengue surveillance observations.",1
2022-10-23,Pune (synthetic demonstration only),41,57.0,26.9,71.3,0.5,0.517,7000000,SYNTHETIC_NOT_OBSERVED,"Generated example values; not real Pune weather, satellite, population, or dengue surveillance observations.",0
2022-10-30,Pune (synthetic demonstration only),25,30.1,25.8,68.3,0.512,0.121,7000000,SYNTHETIC_NOT_OBSERVED,"Generated example values; not real Pune weather, satellite, population, or dengue surveillance observations.",0
2022-11-06,Pune (synthetic demonstration only),27,36.1,28.8,67.9,0.513,0.284,7000000,SYNTHETIC_NOT_OBSERVED,"Generated example values; not real Pune weather, satellite, population, or dengue surveillance observations.",0
2022-11-13,Pune (synthetic demonstration only),19,28.7,26.4,61.6,0.426,0.179,7000000,SYNTHETIC_NOT_OBSERVED,"Generated example values; not real Pune weather, satellite, population, or dengue surveillance observations.",0
2022-11-20,Pune (synthetic demonstration only),20,0.0,24.8,60.1,0.471,0.089,7000000,SYNTHETIC_NOT_OBSERVED,"Generated example values; not real Pune weather, satellite, population, or dengue surveillance observations.",0
2022-11-27,Pune (synthetic demonstration only),18,26.2,25.5,61.2,0.373,0.343,7000000,SYNTHETIC_NOT_OBSERVED,"Generated example values; not real Pune weather, satellite, population, or dengue surveillance observations.",0
2022-12-04,Pune (synthetic demonstration only),25,22.1,27.2,63.3,0.461,0.087,7000000,SYNTHETIC_NOT_OBSERVED,"Generated example values; not real Pune weather, satellite, population, or dengue surveillance observations.",0
2022-12-11,Pune (synthetic demonstration only),19,0.0,24.7,59.4,0.341,0.238,7000000,SYNTHETIC_NOT_OBSERVED,"Generated example values; not real Pune weather, satellite, population, or dengue surveillance observations.",0
2022-12-18,Pune (synthetic demonstration only),23,21.0,24.7,62.8,0.449,0.177,7000000,SYNTHETIC_NOT_OBSERVED,"Generated example values; not real Pune weather, satellite, population, or dengue surveillance observations.",0
2022-12-25,Pune (synthetic demonstration only),24,30.4,25.3,67.8,0.377,0.222,7000000,SYNTHETIC_NOT_OBSERVED,"Generated example values; not real Pune weather, satellite, population, or dengue surveillance observations.",0
2023-01-01,Pune (synthetic demonstration only),19,32.4,27.7,72.0,0.347,0.065,7000000,SYNTHETIC_NOT_OBSERVED,"Generated example values; not real Pune weather, satellite, population, or dengue surveillance observations.",0
2023-01-08,Pune (synthetic demonstration only),26,12.3,24.3,67.3,0.347,0.286,7000000,SYNTHETIC_NOT_OBSERVED,"Generated example values; not real Pune weather, satellite, population, or dengue surveillance observations.",0
2023-01-15,Pune (synthetic demonstration only),14,0.0,24.1,60.9,0.404,0.112,7000000,SYNTHETIC_NOT_OBSERVED,"Generated example values; not real Pune weather, satellite, population, or dengue surveillance observations.",0
2023-01-22,Pune (synthetic demonstration only),27,32.5,25.4,62.4,0.421,0.317,7000000,SYNTHETIC_NOT_OBSERVED,"Generated example values; not real Pune weather, satellite, population, or dengue surveillance observations.",0
2023-01-29,Pune (synthetic demonstration only),19,19.1,24.7,56.6,0.39,0.247,7000000,SYNTHETIC_NOT_OBSERVED,"Generated example values; not real Pune weather, satellite, population, or dengue surveillance observations.",0
2023-02-05,Pune (synthetic demonstration only),19,47.8,24.4,63.7,0.387,0.072,7000000,SYNTHETIC_NOT_OBSERVED,"Generated example values; not real Pune weather, satellite, population, or dengue surveillance observations.",0
2023-02-12,Pune (synthetic demonstration only),13,25.2,23.5,59.5,0.437,0.0,7000000,SYNTHETIC_NOT_OBSERVED,"Generated example values; not real Pune weather, satellite, population, or dengue surveillance observations.",0
2023-02-19,Pune (synthetic demonstration only),19,0.0,23.0,64.5,0.461,0.096,7000000,SYNTHETIC_NOT_OBSERVED,"Generated example values; not real Pune weather, satellite, population, or dengue surveillance observations.",0
2023-02-26,Pune (synthetic demonstration only),23,15.9,25.7,61.9,0.414,0.17,7000000,SYNTHETIC_NOT_OBSERVED,"Generated example values; not real Pune weather, satellite, population, or dengue surveillance observations.",0
2023-03-05,Pune (synthetic demonstration only),17,40.6,25.1,54.9,0.443,0.065,7000000,SYNTHETIC_NOT_OBSERVED,"Generated example values; not real Pune weather, satellite, population, or dengue surveillance observations.",0
2023-03-12,Pune (synthetic demonstration only),22,3.5,26.2,73.8,0.394,0.056,7000000,SYNTHETIC_NOT_OBSERVED,"Generated example values; not real Pune weather, satellite, population, or dengue surveillance observations.",0
2023-03-19,Pune (synthetic demonstration only),18,6.8,25.6,70.5,0.463,0.219,7000000,SYNTHETIC_NOT_OBSERVED,"Generated example values; not real Pune weather, satellite, population, or dengue surveillance observations.",0
2023-03-26,Pune (synthetic demonstration only),29,24.9,27.1,67.9,0.333,0.266,7000000,SYNTHETIC_NOT_OBSERVED,"Generated example values; not real Pune weather, satellite, population, or dengue surveillance observations.",0
2023-04-02,Pune (synthetic demonstration only),24,0.0,26.8,61.0,0.386,0.222,7000000,SYNTHETIC_NOT_OBSERVED,"Generated example values; not real Pune weather, satellite, population, or dengue surveillance observations.",0
2023-04-09,Pune (synthetic demonstration only),28,21.9,27.2,49.2,0.364,0.201,7000000,SYNTHETIC_NOT_OBSERVED,"Generated example values; not real Pune weather, satellite, population, or dengue surveillance observations.",0
2023-04-16,Pune (synthetic demonstration only),21,0.0,27.9,56.5,0.431,0.29,7000000,SYNTHETIC_NOT_OBSERVED,"Generated example values; not real Pune weather, satellite, population, or dengue surveillance observations.",0
2023-04-23,Pune (synthetic demonstration only),22,16.2,28.1,59.6,0.441,0.226,7000000,SYNTHETIC_NOT_OBSERVED,"Generated example values; not real Pune weather, satellite, population, or dengue surveillance observations.",0
2023-04-30,Pune (synthetic demonstration only),22,0.0,28.6,67.7,0.479,0.152,7000000,SYNTHETIC_NOT_OBSERVED,"Generated example values; not real Pune weather, satellite, population, or dengue surveillance observations.",0
2023-05-07,Pune (synthetic demonstration only),19,23.1,28.5,59.1,0.395,0.064,7000000,SYNTHETIC_NOT_OBSERVED,"Generated example values; not real Pune weather, satellite, population, or dengue surveillance observations.",0
2023-05-14,Pune (synthetic demonstration only),26,4.0,28.4,55.3,0.393,0.024,7000000,SYNTHETIC_NOT_OBSERVED,"Generated example values; not real Pune weather, satellite, population, or dengue surveillance observations.",0
2023-05-21,Pune (synthetic demonstration only),18,7.5,30.4,51.7,0.381,0.01,7000000,SYNTHETIC_NOT_OBSERVED,"Generated example values; not real Pune weather, satellite, population, or dengue surveillance observations.",0
2023-05-28,Pune (synthetic demonstration only),28,19.2,27.9,69.2,0.386,0.313,7000000,SYNTHETIC_NOT_OBSERVED,"Generated example values; not real Pune weather, satellite, population, or dengue surveillance observations.",0
2023-06-04,Pune (synthetic demonstration only),20,35.3,29.7,64.0,0.515,0.34,7000000,SYNTHETIC_NOT_OBSERVED,"Generated example values; not real Pune weather, satellite, population, or dengue surveillance observations.",0
2023-06-11,Pune (synthetic demonstration only),34,32.6,28.9,75.3,0.37,0.302,7000000,SYNTHETIC_NOT_OBSERVED,"Generated example values; not real Pune weather, satellite, population, or dengue surveillance observations.",1
2023-06-18,Pune (synthetic demonstration only),46,27.3,31.0,74.2,0.453,0.436,7000000,SYNTHETIC_NOT_OBSERVED,"Generated example values; not real Pune weather, satellite, population, or dengue surveillance observations.",0
2023-06-25,Pune (synthetic demonstration only),33,72.5,30.6,82.5,0.593,0.244,7000000,SYNTHETIC_NOT_OBSERVED,"Generated example values; not real Pune weather, satellite, population, or dengue surveillance observations.",0
2023-07-02,Pune (synthetic demonstration only),37,58.9,29.4,65.6,0.524,0.639,7000000,SYNTHETIC_NOT_OBSERVED,"Generated example values; not real Pune weather, satellite, population, or dengue surveillance observations.",1
2023-07-09,Pune (synthetic demonstration only),44,66.4,31.3,74.6,0.498,0.595,7000000,SYNTHETIC_NOT_OBSERVED,"Generated example values; not real Pune weather, satellite, population, or dengue surveillance observations.",1
2023-07-16,Pune (synthetic demonstration only),54,72.0,31.8,79.0,0.674,0.603,7000000,SYNTHETIC_NOT_OBSERVED,"Generated example values; not real Pune weather, satellite, population, or dengue surveillance observations.",0
2023-07-23,Pune (synthetic demonstration only),39,60.1,29.7,80.5,0.613,0.729,7000000,SYNTHETIC_NOT_OBSERVED,"Generated example values; not real Pune weather, satellite, population, or dengue surveillance observations.",1
2023-07-30,Pune (synthetic demonstration only),44,60.2,31.0,78.6,0.583,0.6,7000000,SYNTHETIC_NOT_OBSERVED,"Generated example values; not real Pune weather, satellite, population, or dengue surveillance observations.",0
2023-08-06,Pune (synthetic demonstration only),36,80.8,31.6,66.9,0.599,0.548,7000000,SYNTHETIC_NOT_OBSERVED,"Generated example values; not real Pune weather, satellite, population, or dengue surveillance observations.",1
2023-08-13,Pune (synthetic demonstration only),51,79.0,32.5,82.5,0.598,0.561,7000000,SYNTHETIC_NOT_OBSERVED,"Generated example values; not real Pune weather, satellite, population, or dengue surveillance observations.",1
2023-08-20,Pune (synthetic demonstration only),45,92.4,31.5,81.3,0.568,0.811,7000000,SYNTHETIC_NOT_OBSERVED,"Generated example values; not real Pune weather, satellite, population, or dengue surveillance observations.",1
2023-08-27,Pune (synthetic demonstration only),43,74.2,31.6,90.6,0.551,0.849,7000000,SYNTHETIC_NOT_OBSERVED,"Generated example values; not real Pune weather, satellite, population, or dengue surveillance observations.",1
2023-09-03,Pune (synthetic demonstration only),62,112.8,29.7,84.7,0.598,0.636,7000000,SYNTHETIC_NOT_OBSERVED,"Generated example values; not real Pune weather, satellite, population, or dengue surveillance observations.",1
2023-09-10,Pune (synthetic demonstration only),50,86.5,29.9,78.2,0.567,0.83,7000000,SYNTHETIC_NOT_OBSERVED,"Generated example values; not real Pune weather, satellite, population, or dengue surveillance observations.",1
2023-09-17,Pune (synthetic demonstration only),46,76.1,31.3,81.2,0.552,0.672,7000000,SYNTHETIC_NOT_OBSERVED,"Generated example values; not real Pune weather, satellite, population, or dengue surveillance observations.",1
2023-09-24,Pune (synthetic demonstration only),44,61.4,29.0,73.9,0.558,0.449,7000000,SYNTHETIC_NOT_OBSERVED,"Generated example values; not real Pune weather, satellite, population, or dengue surveillance observations.",1
2023-10-01,Pune (synthetic demonstration only),56,71.9,27.9,77.3,0.513,0.605,7000000,SYNTHETIC_NOT_OBSERVED,"Generated example values; not real Pune weather, satellite, population, or dengue surveillance observations.",1
2023-10-08,Pune (synthetic demonstration only),46,64.2,28.6,65.3,0.488,0.7,7000000,SYNTHETIC_NOT_OBSERVED,"Generated example values; not real Pune weather, satellite, population, or dengue surveillance observations.",0
2023-10-15,Pune (synthetic demonstration only),40,44.2,28.9,73.3,0.572,0.45,7000000,SYNTHETIC_NOT_OBSERVED,"Generated example values; not real Pune weather, satellite, population, or dengue surveillance observations.",0
2023-10-22,Pune (synthetic demonstration only),34,66.2,27.2,71.5,0.539,0.441,7000000,SYNTHETIC_NOT_OBSERVED,"Generated example values; not real Pune weather, satellite, population, or dengue surveillance observations.",0
2023-10-29,Pune (synthetic demonstration only),30,59.5,26.4,72.7,0.492,0.392,7000000,SYNTHETIC_NOT_OBSERVED,"Generated example values; not real Pune weather, satellite, population, or dengue surveillance observations.",0
2023-11-05,Pune (synthetic demonstration only),33,29.5,28.5,64.6,0.476,0.396,7000000,SYNTHETIC_NOT_OBSERVED,"Generated example values; not real Pune weather, satellite, population, or dengue surveillance observations.",0
2023-11-12,Pune (synthetic demonstration only),35,66.0,28.6,68.3,0.462,0.164,7000000,SYNTHETIC_NOT_OBSERVED,"Generated example values; not real Pune weather, satellite, population, or dengue surveillance observations.",0
2023-11-19,Pune (synthetic demonstration only),24,6.1,25.4,64.0,0.432,0.0,7000000,SYNTHETIC_NOT_OBSERVED,"Generated example values; not real Pune weather, satellite, population, or dengue surveillance observations.",0
2023-11-26,Pune (synthetic demonstration only),19,0.0,26.0,62.7,0.413,0.27,7000000,SYNTHETIC_NOT_OBSERVED,"Generated example values; not real Pune weather, satellite, population, or dengue surveillance observations.",0
2023-12-03,Pune (synthetic demonstration only),25,19.0,24.0,57.1,0.428,0.406,7000000,SYNTHETIC_NOT_OBSERVED,"Generated example values; not real Pune weather, satellite, population, or dengue surveillance observations.",0
2023-12-10,Pune (synthetic demonstration only),39,21.4,24.6,56.9,0.454,0.152,7000000,SYNTHETIC_NOT_OBSERVED,"Generated example values; not real Pune weather, satellite, population, or dengue surveillance observations.",0
2023-12-17,Pune (synthetic demonstration only),19,13.7,23.8,51.1,0.448,0.287,7000000,SYNTHETIC_NOT_OBSERVED,"Generated example values; not real Pune weather, satellite, population, or dengue surveillance observations.",0
2023-12-24,Pune (synthetic demonstration only),18,0.0,24.4,59.9,0.426,0.032,7000000,SYNTHETIC_NOT_OBSERVED,"Generated example values; not real Pune weather, satellite, population, or dengue surveillance observations.",0
2023-12-31,Pune (synthetic demonstration only),10,4.1,24.1,71.1,0.422,0.0,7000000,SYNTHETIC_NOT_OBSERVED,"Generated example values; not real Pune weather, satellite, population, or dengue surveillance observations.",0
2024-01-07,Pune (synthetic demonstration only),21,6.7,23.8,64.7,0.41,0.174,7000000,SYNTHETIC_NOT_OBSERVED,"Generated example values; not real Pune weather, satellite, population, or dengue surveillance observations.",0
2024-01-14,Pune (synthetic demonstration only),19,8.0,24.9,51.3,0.415,0.167,7000000,SYNTHETIC_NOT_OBSERVED,"Generated example values; not real Pune weather, satellite, population, or dengue surveillance observations.",0
2024-01-21,Pune (synthetic demonstration only),20,34.4,25.3,60.3,0.358,0.106,7000000,SYNTHETIC_NOT_OBSERVED,"Generated example values; not real Pune weather, satellite, population, or dengue surveillance observations.",0
2024-01-28,Pune (synthetic demonstration only),23,31.9,24.5,63.8,0.445,0.048,7000000,SYNTHETIC_NOT_OBSERVED,"Generated example values; not real Pune weather, satellite, population, or dengue surveillance observations.",0
2024-02-04,Pune (synthetic demonstration only),21,6.1,25.6,58.0,0.419,0.205,7000000,SYNTHETIC_NOT_OBSERVED,"Generated example values; not real Pune weather, satellite, population, or dengue surveillance observations.",0
2024-02-11,Pune (synthetic demonstration only),18,20.1,24.5,70.7,0.491,0.03,7000000,SYNTHETIC_NOT_OBSERVED,"Generated example values; not real Pune weather, satellite, population, or dengue surveillance observations.",0
2024-02-18,Pune (synthetic demonstration only),23,22.0,25.0,56.6,0.375,0.216,7000000,SYNTHETIC_NOT_OBSERVED,"Generated example values; not real Pune weather, satellite, population, or dengue surveillance observations.",0
2024-02-25,Pune (synthetic demonstration only),21,50.8,26.4,62.9,0.418,0.013,7000000,SYNTHETIC_NOT_OBSERVED,"Generated example values; not real Pune weather, satellite, population, or dengue surveillance observations.",0
2024-03-03,Pune (synthetic demonstration only),21,31.9,25.3,61.1,0.359,0.115,7000000,SYNTHETIC_NOT_OBSERVED,"Generated example values; not real Pune weather, satellite, population, or dengue surveillance observations.",0
2024-03-10,Pune (synthetic demonstration only),13,0.0,25.8,53.6,0.431,0.195,7000000,SYNTHETIC_NOT_OBSERVED,"Generated example values; not real Pune weather, satellite, population, or dengue surveillance observations.",0
2024-03-17,Pune (synthetic demonstration only),18,25.5,26.0,69.7,0.346,0.231,7000000,SYNTHETIC_NOT_OBSERVED,"Generated example values; not real Pune weather, satellite, population, or dengue surveillance observations.",0
2024-03-24,Pune (synthetic demonstration only),17,14.7,27.5,58.5,0.392,0.0,7000000,SYNTHETIC_NOT_OBSERVED,"Generated example values; not real Pune weather, satellite, population, or dengue surveillance observations.",0
2024-03-31,Pune (synthetic demonstration only),25,35.4,25.6,65.3,0.324,0.133,7000000,SYNTHETIC_NOT_OBSERVED,"Generated example values; not real Pune weather, satellite, population, or dengue surveillance observations.",0
2024-04-07,Pune (synthetic demonstration only),16,0.0,27.7,54.8,0.431,0.0,7000000,SYNTHETIC_NOT_OBSERVED,"Generated example values; not real Pune weather, satellite, population, or dengue surveillance observations.",0
2024-04-14,Pune (synthetic demonstration only),19,12.4,29.0,65.5,0.45,0.129,7000000,SYNTHETIC_NOT_OBSERVED,"Generated example values; not real Pune weather, satellite, population, or dengue surveillance observations.",0
2024-04-21,Pune (synthetic demonstration only),22,14.5,27.6,71.7,0.395,0.068,7000000,SYNTHETIC_NOT_OBSERVED,"Generated example values; not real Pune weather, satellite, population, or dengue surveillance observations.",0
2024-04-28,Pune (synthetic demonstration only),12,11.0,28.9,66.4,0.453,0.145,7000000,SYNTHETIC_NOT_OBSERVED,"Generated example values; not real Pune weather, satellite, population, or dengue surveillance observations.",0
2024-05-05,Pune (synthetic demonstration only),24,29.9,28.7,69.1,0.416,0.344,7000000,SYNTHETIC_NOT_OBSERVED,"Generated example values; not real Pune weather, satellite, population, or dengue surveillance observations.",0
2024-05-12,Pune (synthetic demonstration only),13,0.0,29.3,54.8,0.375,0.147,7000000,SYNTHETIC_NOT_OBSERVED,"Generated example values; not real Pune weather, satellite, population, or dengue surveillance observations.",0
2024-05-19,Pune (synthetic demonstration only),15,0.0,28.0,56.7,0.483,0.125,7000000,SYNTHETIC_NOT_OBSERVED,"Generated example values; not real Pune weather, satellite, population, or dengue surveillance observations.",0
2024-05-26,Pune (synthetic demonstration only),22,18.7,27.6,69.9,0.42,0.134,7000000,SYNTHETIC_NOT_OBSERVED,"Generated example values; not real Pune weather, satellite, population, or dengue surveillance observations.",0
2024-06-02,Pune (synthetic demonstration only),22,59.3,31.7,57.8,0.415,0.353,7000000,SYNTHETIC_NOT_OBSERVED,"Generated example values; not real Pune weather, satellite, population, or dengue surveillance observations.",0
2024-06-09,Pune (synthetic demonstration only),35,27.2,31.0,73.8,0.487,0.413,7000000,SYNTHETIC_NOT_OBSERVED,"Generated example values; not real Pune weather, satellite, population, or dengue surveillance observations.",0
2024-06-16,Pune (synthetic demonstration only),37,29.0,30.5,75.3,0.454,0.477,7000000,SYNTHETIC_NOT_OBSERVED,"Generated example values; not real Pune weather, satellite, population, or dengue surveillance observations.",1
2024-06-23,Pune (synthetic demonstration only),50,73.3,29.2,68.4,0.544,0.53,7000000,SYNTHETIC_NOT_OBSERVED,"Generated example values; not real Pune weather, satellite, population, or dengue surveillance observations.",1
2024-06-30,Pune (synthetic demonstration only),43,30.6,29.3,68.6,0.558,0.537,7000000,SYNTHETIC_NOT_OBSERVED,"Generated example values; not real Pune weather, satellite, population, or dengue surveillance observations.",0
2024-07-07,Pune (synthetic demonstration only),36,36.7,31.1,78.7,0.613,0.616,7000000,SYNTHETIC_NOT_OBSERVED,"Generated example values; not real Pune weather, satellite, population, or dengue surveillance observations.",1
2024-07-14,Pune (synthetic demonstration only),48,92.3,30.2,66.5,0.536,0.65,7000000,SYNTHETIC_NOT_OBSERVED,"Generated example values; not real Pune weather, satellite, population, or dengue surveillance observations.",0
2024-07-21,Pune (synthetic demonstration only),35,78.7,30.9,73.8,0.599,0.873,7000000,SYNTHETIC_NOT_OBSERVED,"Generated example values; not real Pune weather, satellite, population, or dengue surveillance observations.",0
2024-07-28,Pune (synthetic demonstration only),34,80.6,30.3,72.0,0.566,0.448,7000000,SYNTHETIC_NOT_OBSERVED,"Generated example values; not real Pune weather, satellite, population, or dengue surveillance observations.",1
2024-08-04,Pune (synthetic demonstration only),54,94.8,33.1,73.8,0.611,0.42,7000000,SYNTHETIC_NOT_OBSERVED,"Generated example values; not real Pune weather, satellite, population, or dengue surveillance observations.",1
2024-08-11,Pune (synthetic demonstration only),60,89.8,30.3,83.9,0.573,0.857,7000000,SYNTHETIC_NOT_OBSERVED,"Generated example values; not real Pune weather, satellite, population, or dengue surveillance observations.",1
2024-08-18,Pune (synthetic demonstration only),56,86.8,31.1,88.0,0.573,0.757,7000000,SYNTHETIC_NOT_OBSERVED,"Generated example values; not real Pune weather, satellite, population, or dengue surveillance observations.",1
2024-08-25,Pune (synthetic demonstration only),53,72.1,30.9,79.5,0.662,0.514,7000000,SYNTHETIC_NOT_OBSERVED,"Generated example values; not real Pune weather, satellite, population, or dengue surveillance observations.",1
2024-09-01,Pune (synthetic demonstration only),49,87.2,30.7,81.8,0.607,0.449,7000000,SYNTHETIC_NOT_OBSERVED,"Generated example values; not real Pune weather, satellite, population, or dengue surveillance observations.",1
2024-09-08,Pune (synthetic demonstration only),53,93.1,29.8,67.2,0.556,0.657,7000000,SYNTHETIC_NOT_OBSERVED,"Generated example values; not real Pune weather, satellite, population, or dengue surveillance observations.",1
2024-09-15,Pune (synthetic demonstration only),53,62.5,29.0,96.4,0.55,0.716,7000000,SYNTHETIC_NOT_OBSERVED,"Generated example values; not real Pune weather, satellite, population, or dengue surveillance observations.",1
2024-09-22,Pune (synthetic demonstration only),45,48.8,27.0,73.2,0.594,0.737,7000000,SYNTHETIC_NOT_OBSERVED,"Generated example values; not real Pune weather, satellite, population, or dengue surveillance observations.",1
2024-09-29,Pune (synthetic demonstration only),51,78.1,29.1,78.0,0.536,0.571,7000000,SYNTHETIC_NOT_OBSERVED,"Generated example values; not real Pune weather, satellite, population, or dengue surveillance observations.",0
2024-10-06,Pune (synthetic demonstration only),31,49.4,28.2,72.2,0.481,0.474,7000000,SYNTHETIC_NOT_OBSERVED,"Generated example values; not real Pune weather, satellite, population, or dengue surveillance observations.",1
2024-10-13,Pune (synthetic demonstration only),52,81.3,27.6,72.6,0.503,0.679,7000000,SYNTHETIC_NOT_OBSERVED,"Generated example values; not real Pune weather, satellite, population, or dengue surveillance observations.",0
2024-10-20,Pune (synthetic demonstration only),28,15.5,27.4,82.0,0.457,0.37,7000000,SYNTHETIC_NOT_OBSERVED,"Generated example values; not real Pune weather, satellite, population, or dengue surveillance observations.",0
2024-10-27,Pune (synthetic demonstration only),26,26.6,25.2,64.4,0.517,0.327,7000000,SYNTHETIC_NOT_OBSERVED,"Generated example values; not real Pune weather, satellite, population, or dengue surveillance observations.",0
2024-11-03,Pune (synthetic demonstration only),19,45.8,27.3,64.1,0.456,0.263,7000000,SYNTHETIC_NOT_OBSERVED,"Generated example values; not real Pune weather, satellite, population, or dengue surveillance observations.",0
2024-11-10,Pune (synthetic demonstration only),14,0.0,24.2,70.2,0.387,0.161,7000000,SYNTHETIC_NOT_OBSERVED,"Generated example values; not real Pune weather, satellite, population, or dengue surveillance observations.",0
2024-11-17,Pune (synthetic demonstration only),21,36.1,25.3,51.1,0.401,0.164,7000000,SYNTHETIC_NOT_OBSERVED,"Generated example values; not real Pune weather, satellite, population, or dengue surveillance observations.",0
2024-11-24,Pune (synthetic demonstration only),19,10.2,24.8,73.4,0.438,0.161,7000000,SYNTHETIC_NOT_OBSERVED,"Generated example values; not real Pune weather, satellite, population, or dengue surveillance observations.",0
2024-12-01,Pune (synthetic demonstration only),17,30.4,24.4,63.4,0.476,0.026,7000000,SYNTHETIC_NOT_OBSERVED,"Generated example values; not real Pune weather, satellite, population, or dengue surveillance observations.",0
2024-12-08,Pune (synthetic demonstration only),22,27.5,24.6,56.2,0.372,0.019,7000000,SYNTHETIC_NOT_OBSERVED,"Generated example values; not real Pune weather, satellite, population, or dengue surveillance observations.",0
2024-12-15,Pune (synthetic demonstration only),23,36.5,26.6,69.0,0.401,0.153,7000000,SYNTHETIC_NOT_OBSERVED,"Generated example values; not real Pune weather, satellite, population, or dengue surveillance observations.",0
2024-12-22,Pune (synthetic demonstration only),24,18.2,23.1,68.3,0.447,0.117,7000000,SYNTHETIC_NOT_OBSERVED,"Generated example values; not real Pune weather, satellite, population, or dengue surveillance observations.",0
2024-12-29,Pune (synthetic demonstration only),20,2.6,24.5,56.1,0.373,0.298,7000000,SYNTHETIC_NOT_OBSERVED,"Generated example values; not real Pune weather, satellite, population, or dengue surveillance observations.",0
2025-01-05,Pune (synthetic demonstration only),23,24.3,24.3,57.1,0.412,0.188,7000000,SYNTHETIC_NOT_OBSERVED,"Generated example values; not real Pune weather, satellite, population, or dengue surveillance observations.",0
2025-01-12,Pune (synthetic demonstration only),14,7.8,24.3,61.3,0.462,0.059,7000000,SYNTHETIC_NOT_OBSERVED,"Generated example values; not real Pune weather, satellite, population, or dengue surveillance observations.",0
2025-01-19,Pune (synthetic demonstration only),23,33.1,24.9,58.9,0.412,0.221,7000000,SYNTHETIC_NOT_OBSERVED,"Generated example values; not real Pune weather, satellite, population, or dengue surveillance observations.",0
2025-01-26,Pune (synthetic demonstration only),21,0.0,25.1,56.9,0.472,0.166,7000000,SYNTHETIC_NOT_OBSERVED,"Generated example values; not real Pune weather, satellite, population, or dengue surveillance observations.",0
2025-02-02,Pune (synthetic demonstration only),15,10.4,23.7,53.8,0.394,0.0,7000000,SYNTHETIC_NOT_OBSERVED,"Generated example values; not real Pune weather, satellite, population, or dengue surveillance observations.",0
2025-02-09,Pune (synthetic demonstration only),28,46.6,24.3,61.2,0.442,0.064,7000000,SYNTHETIC_NOT_OBSERVED,"Generated example values; not real Pune weather, satellite, population, or dengue surveillance observations.",0
2025-02-16,Pune (synthetic demonstration only),17,14.3,25.4,57.2,0.439,0.314,7000000,SYNTHETIC_NOT_OBSERVED,"Generated example values; not real Pune weather, satellite, population, or dengue surveillance observations.",0
2025-02-23,Pune (synthetic demonstration only),16,0.0,24.5,74.6,0.46,0.274,7000000,SYNTHETIC_NOT_OBSERVED,"Generated example values; not real Pune weather, satellite, population, or dengue surveillance observations.",0
2025-03-02,Pune (synthetic demonstration only),15,1.4,24.1,50.2,0.43,0.244,7000000,SYNTHETIC_NOT_OBSERVED,"Generated example values; not real Pune weather, satellite, population, or dengue surveillance observations.",0
2025-03-09,Pune (synthetic demonstration only),13,0.0,26.0,62.2,0.437,0.078,7000000,SYNTHETIC_NOT_OBSERVED,"Generated example values; not real Pune weather, satellite, population, or dengue surveillance observations.",0
2025-03-16,Pune (synthetic demonstration only),23,29.4,26.8,69.7,0.428,0.11,7000000,SYNTHETIC_NOT_OBSERVED,"Generated example values; not real Pune weather, satellite, population, or dengue surveillance observations.",0
2025-03-23,Pune (synthetic demonstration only),28,32.0,24.7,71.2,0.422,0.284,7000000,SYNTHETIC_NOT_OBSERVED,"Generated example values; not real Pune weather, satellite, population, or dengue surveillance observations.",0
2025-03-30,Pune (synthetic demonstration only),20,17.5,25.6,61.7,0.432,0.261,7000000,SYNTHETIC_NOT_OBSERVED,"Generated example values; not real Pune weather, satellite, population, or dengue surveillance observations.",0
2025-04-06,Pune (synthetic demonstration only),21,25.5,27.2,65.1,0.416,0.218,7000000,SYNTHETIC_NOT_OBSERVED,"Generated example values; not real Pune weather, satellite, population, or dengue surveillance observations.",0
2025-04-13,Pune (synthetic demonstration only),26,0.3,26.3,60.1,0.367,0.208,7000000,SYNTHETIC_NOT_OBSERVED,"Generated example values; not real Pune weather, satellite, population, or dengue surveillance observations.",0
2025-04-20,Pune (synthetic demonstration only),17,5.6,25.7,57.2,0.439,0.125,7000000,SYNTHETIC_NOT_OBSERVED,"Generated example values; not real Pune weather, satellite, population, or dengue surveillance observations.",0
2025-04-27,Pune (synthetic demonstration only),24,8.2,27.3,47.1,0.407,0.267,7000000,SYNTHETIC_NOT_OBSERVED,"Generated example values; not real Pune weather, satellite, population, or dengue surveillance observations.",0
2025-05-04,Pune (synthetic demonstration only),21,13.7,30.4,58.5,0.397,0.225,7000000,SYNTHETIC_NOT_OBSERVED,"Generated example values; not real Pune weather, satellite, population, or dengue surveillance observations.",0
2025-05-11,Pune (synthetic demonstration only),28,39.1,28.8,60.9,0.479,0.299,7000000,SYNTHETIC_NOT_OBSERVED,"Generated example values; not real Pune weather, satellite, population, or dengue surveillance observations.",0
2025-05-18,Pune (synthetic demonstration only),26,0.0,28.9,55.6,0.445,0.297,7000000,SYNTHETIC_NOT_OBSERVED,"Generated example values; not real Pune weather, satellite, population, or dengue surveillance observations.",0
2025-05-25,Pune (synthetic demonstration only),26,6.2,28.2,65.4,0.502,0.19,7000000,SYNTHETIC_NOT_OBSERVED,"Generated example values; not real Pune weather, satellite, population, or dengue surveillance observations.",0
2025-06-01,Pune (synthetic demonstration only),33,43.2,30.6,73.1,0.431,0.063,7000000,SYNTHETIC_NOT_OBSERVED,"Generated example values; not real Pune weather, satellite, population, or dengue surveillance observations.",0
2025-06-08,Pune (synthetic demonstration only),32,9.1,29.7,76.0,0.523,0.259,7000000,SYNTHETIC_NOT_OBSERVED,"Generated example values; not real Pune weather, satellite, population, or dengue surveillance observations.",0
2025-06-15,Pune (synthetic demonstration only),34,58.3,29.6,74.2,0.5,0.38,7000000,SYNTHETIC_NOT_OBSERVED,"Generated example values; not real Pune weather, satellite, population, or dengue surveillance observations.",1
2025-06-22,Pune (synthetic demonstration only),42,68.1,30.6,77.6,0.532,0.442,7000000,SYNTHETIC_NOT_OBSERVED,"Generated example values; not real Pune weather, satellite, population, or dengue surveillance observations.",0
2025-06-29,Pune (synthetic demonstration only),40,45.0,30.6,73.6,0.614,0.563,7000000,SYNTHETIC_NOT_OBSERVED,"Generated example values; not real Pune weather, satellite, population, or dengue surveillance observations.",1
2025-07-06,Pune (synthetic demonstration only),51,89.4,30.3,74.4,0.597,0.625,7000000,SYNTHETIC_NOT_OBSERVED,"Generated example values; not real Pune weather, satellite, population, or dengue surveillance observations.",1
2025-07-13,Pune (synthetic demonstration only),43,76.0,29.7,75.0,0.608,0.726,7000000,SYNTHETIC_NOT_OBSERVED,"Generated example values; not real Pune weather, satellite, population, or dengue surveillance observations.",0
2025-07-20,Pune (synthetic demonstration only),36,76.5,30.8,77.6,0.594,0.615,7000000,SYNTHETIC_NOT_OBSERVED,"Generated example values; not real Pune weather, satellite, population, or dengue surveillance observations.",1
2025-07-27,Pune (synthetic demonstration only),60,85.0,31.0,83.1,0.54,0.844,7000000,SYNTHETIC_NOT_OBSERVED,"Generated example values; not real Pune weather, satellite, population, or dengue surveillance observations.",1
2025-08-03,Pune (synthetic demonstration only),53,58.6,30.8,98.0,0.573,0.795,7000000,SYNTHETIC_NOT_OBSERVED,"Generated example values; not real Pune weather, satellite, population, or dengue surveillance observations.",1
2025-08-10,Pune (synthetic demonstration only),56,85.9,32.4,84.6,0.64,0.726,7000000,SYNTHETIC_NOT_OBSERVED,"Generated example values; not real Pune weather, satellite, population, or dengue surveillance observations.",1
2025-08-17,Pune (synthetic demonstration only),57,62.7,29.4,81.4,0.549,0.817,7000000,SYNTHETIC_NOT_OBSERVED,"Generated example values; not real Pune weather, satellite, population, or dengue surveillance observations.",1
2025-08-24,Pune (synthetic demonstration only),55,67.0,29.9,85.1,0.545,0.616,7000000,SYNTHETIC_NOT_OBSERVED,"Generated example values; not real Pune weather, satellite, population, or dengue surveillance observations.",1
2025-08-31,Pune (synthetic demonstration only),53,72.5,29.9,82.5,0.566,0.702,7000000,SYNTHETIC_NOT_OBSERVED,"Generated example values; not real Pune weather, satellite, population, or dengue surveillance observations.",1
2025-09-07,Pune (synthetic demonstration only),46,78.6,30.0,74.4,0.616,0.63,7000000,SYNTHETIC_NOT_OBSERVED,"Generated example values; not real Pune weather, satellite, population, or dengue surveillance observations.",1
2025-09-14,Pune (synthetic demonstration only),41,60.4,29.5,73.9,0.623,0.518,7000000,SYNTHETIC_NOT_OBSERVED,"Generated example values; not real Pune weather, satellite, population, or dengue surveillance observations.",0
2025-09-21,Pune (synthetic demonstration only),40,78.0,30.3,79.6,0.526,0.643,7000000,SYNTHETIC_NOT_OBSERVED,"Generated example values; not real Pune weather, satellite, population, or dengue surveillance observations.",1
2025-09-28,Pune (synthetic demonstration only),43,87.1,29.0,60.4,0.606,0.613,7000000,SYNTHETIC_NOT_OBSERVED,"Generated example values; not real Pune weather, satellite, population, or dengue surveillance observations.",1
2025-10-05,Pune (synthetic demonstration only),51,54.5,29.4,70.4,0.489,0.734,7000000,SYNTHETIC_NOT_OBSERVED,"Generated example values; not real Pune weather, satellite, population, or dengue surveillance observations.",1
2025-10-12,Pune (synthetic demonstration only),45,62.3,28.6,69.2,0.512,0.336,7000000,SYNTHETIC_NOT_OBSERVED,"Generated example values; not real Pune weather, satellite, population, or dengue surveillance observations.",1
2025-10-19,Pune (synthetic demonstration only),51,84.4,25.8,67.4,0.498,0.512,7000000,SYNTHETIC_NOT_OBSERVED,"Generated example values; not real Pune weather, satellite, population, or dengue surveillance observations.",0
2025-10-26,Pune (synthetic demonstration only),31,27.5,27.7,63.7,0.414,0.234,7000000,SYNTHETIC_NOT_OBSERVED,"Generated example values; not real Pune weather, satellite, population, or dengue surveillance observations.",0
2025-11-02,Pune (synthetic demonstration only),33,58.8,26.9,55.3,0.413,0.273,7000000,SYNTHETIC_NOT_OBSERVED,"Generated example values; not real Pune weather, satellite, population, or dengue surveillance observations.",0
2025-11-09,Pune (synthetic demonstration only),22,23.6,25.2,66.2,0.449,0.218,7000000,SYNTHETIC_NOT_OBSERVED,"Generated example values; not real Pune weather, satellite, population, or dengue surveillance observations.",0
2025-11-16,Pune (synthetic demonstration only),19,28.4,26.4,60.9,0.439,0.124,7000000,SYNTHETIC_NOT_OBSERVED,"Generated example values; not real Pune weather, satellite, population, or dengue surveillance observations.",0
2025-11-23,Pune (synthetic demonstration only),32,41.2,26.2,65.1,0.409,0.018,7000000,SYNTHETIC_NOT_OBSERVED,"Generated example values; not real Pune weather, satellite, population, or dengue surveillance observations.",0
2025-11-30,Pune (synthetic demonstration only),25,46.6,25.6,63.6,0.339,0.357,7000000,SYNTHETIC_NOT_OBSERVED,"Generated example values; not real Pune weather, satellite, population, or dengue surveillance observations.",0
2025-12-07,Pune (synthetic demonstration only),35,14.7,24.1,76.0,0.417,0.126,7000000,SYNTHETIC_NOT_OBSERVED,"Generated example values; not real Pune weather, satellite, population, or dengue surveillance observations.",0
2025-12-14,Pune (synthetic demonstration only),13,0.0,24.7,51.9,0.42,0.143,7000000,SYNTHETIC_NOT_OBSERVED,"Generated example values; not real Pune weather, satellite, population, or dengue surveillance observations.",0
2025-12-21,Pune (synthetic demonstration only),15,40.4,24.7,64.8,0.354,0.205,7000000,SYNTHETIC_NOT_OBSERVED,"Generated example values; not real Pune weather, satellite, population, or dengue surveillance observations.",0
2025-12-28,Pune (synthetic demonstration only),14,14.1,24.0,63.6,0.38,0.025,7000000,SYNTHETIC_NOT_OBSERVED,"Generated example values; not real Pune weather, satellite, population, or dengue surveillance observations.",
